establishment_id,establishment_name,specialty,type
4,SRI GURU BAKKESHWARA UROLOGY KIDNEY STONE CLINIC & SARVAMANGALA LAB,MCh Urology,Super Specialties
7,GAJAKOSH HOSPITAL,MS OBG,Specialties
7,GAJAKOSH HOSPITAL,MS General Surgery,Specialties
7,GAJAKOSH HOSPITAL,MD Paediatrics,Specialties
7,GAJAKOSH HOSPITAL,MD Anaesthesia,Specialties
7,GAJAKOSH HOSPITAL,MD Microbiology,Specialties
9,DR AGARWALS HEALTH CARE LIMITED,MS Ophthalmology,Specialties
13,SAPTHAGIRI SKIN CARE CLINIC.,MD Dermatology,Specialties
16,SRI GANESH XRAY DIAGNOSTIC CENTRE,MD Radio Diagnosis,Specialties
20,JHANVI EYE CARE,MS Ophthalmology,Specialties
27,SAMHITH SUPERSPECIALITY CANCER CENTRE AND SAMHITH ENT CARE CENTRE,MS ENT,Specialties
27,SAMHITH SUPERSPECIALITY CANCER CENTRE AND SAMHITH ENT CARE CENTRE,MS General Surgery,Specialties
27,SAMHITH SUPERSPECIALITY CANCER CENTRE AND SAMHITH ENT CARE CENTRE,Surgical Oncology,Super Specialties
28,CLINIC GOLDEN PROPORTIONS,MS General Surgery,Specialties
30,City hospital,MD Anaesthesia,Specialties
30,City hospital,Diploma is Gynec and obstetrics,Specialties
31,Sukshema Health Clinic,MD General Medicine,Specialties
42,ADARSH HEART CARE AND MULTISPECIALITY HOSPITAL PRIVATE LIMITED,MS General Surgery,Specialties
42,ADARSH HEART CARE AND MULTISPECIALITY HOSPITAL PRIVATE LIMITED,MD Paediatrics,Specialties
42,ADARSH HEART CARE AND MULTISPECIALITY HOSPITAL PRIVATE LIMITED,MD General Medicine,Specialties
42,ADARSH HEART CARE AND MULTISPECIALITY HOSPITAL PRIVATE LIMITED,MD Anaesthesia,Specialties
42,ADARSH HEART CARE AND MULTISPECIALITY HOSPITAL PRIVATE LIMITED,MD Psychiatry,Specialties
42,ADARSH HEART CARE AND MULTISPECIALITY HOSPITAL PRIVATE LIMITED,MD Pathology,Specialties
42,ADARSH HEART CARE AND MULTISPECIALITY HOSPITAL PRIVATE LIMITED,DM Cardiology,Super Specialties
40,SRI DEVI HOSPITAL,MS OBG,Specialties
40,SRI DEVI HOSPITAL,MS Orthopaedics,Specialties
40,SRI DEVI HOSPITAL,MS General Surgery,Specialties
40,SRI DEVI HOSPITAL,MD Paediatrics,Specialties
40,SRI DEVI HOSPITAL,MD General Medicine,Specialties
40,SRI DEVI HOSPITAL,MD Anaesthesia,Specialties
40,SRI DEVI HOSPITAL,MS OBG,Specialties
49,shambhavi dental clinic,MDS Oral Surgery,Specialties
54,DR. GURUSHANTAPPA YALAGACHIN CLINIC,MS General Surgery,Specialties
58,HSN Super Speciality Hair Transplantation Centre,MD Dermatology,Specialties
57,J K SPECIALITY HOSPITAL,DM Cardiac Anesthesia,Super Specialties
57,J K SPECIALITY HOSPITAL,DM Cardiology,Super Specialties
57,J K SPECIALITY HOSPITAL,DM Gastroenterology,Super Specialties
57,J K SPECIALITY HOSPITAL,DM Neurology,Super Specialties
65,Kanthi Nursing Home,MS OBG,Specialties
65,Kanthi Nursing Home,MS ENT,Specialties
65,Kanthi Nursing Home,MS Orthopaedics,Specialties
65,Kanthi Nursing Home,MS General Surgery,Specialties
65,Kanthi Nursing Home,MD Paediatrics,Specialties
65,Kanthi Nursing Home,MD General Medicine,Specialties
65,Kanthi Nursing Home,MD Anaesthesia,Specialties
68,ST. JOHNS HEALTH CENTRE,MS OBG,Specialties
68,ST. JOHNS HEALTH CENTRE,MS General Surgery,Specialties
68,ST. JOHNS HEALTH CENTRE,MD Paediatrics,Specialties
68,ST. JOHNS HEALTH CENTRE,MD General Medicine,Specialties
68,ST. JOHNS HEALTH CENTRE,MD Community Medicine,Specialties
68,ST. JOHNS HEALTH CENTRE,MD Radio Diagnosis,Specialties
79,CHIRAYU CLINIC,MS OBG,Specialties
79,CHIRAYU CLINIC,MS General Surgery,Specialties
80,ST JOSEPH HOSPITAL,MS Ophthalmology,Specialties
80,ST JOSEPH HOSPITAL,MD Paediatrics,Specialties
80,ST JOSEPH HOSPITAL,MD Community Medicine,Specialties
83,Akshaya Clinic and Diacare Center,MD General Medicine,Specialties
83,Akshaya Clinic and Diacare Center,MD Physiology,Specialties
96,Sadashivaram Specialist clinic and Laboratory,MD General Medicine,Specialties
98,GURU RAYA POLYCLINIC,Diploma in Anesthesia,Specialties
98,GURU RAYA POLYCLINIC,Diploma is Gynec and obstetrics,Specialties
97,Sanjeevini Multi Speciality Hospital,MS General Surgery,Specialties
97,Sanjeevini Multi Speciality Hospital,MD General Medicine,Specialties
97,Sanjeevini Multi Speciality Hospital,Diploma in Orthopaedics,Specialties
97,Sanjeevini Multi Speciality Hospital,Diploma in Anesthesia,Specialties
97,Sanjeevini Multi Speciality Hospital,Diploma is Gynec and obstetrics,Specialties
100,TEATREE HEALTHCARE PVT LTD,MS OBG,Specialties
100,TEATREE HEALTHCARE PVT LTD,MS ENT,Specialties
100,TEATREE HEALTHCARE PVT LTD,MS Orthopaedics,Specialties
100,TEATREE HEALTHCARE PVT LTD,MS Ophthalmology,Specialties
100,TEATREE HEALTHCARE PVT LTD,MS General Surgery,Specialties
100,TEATREE HEALTHCARE PVT LTD,MD Paediatrics,Specialties
100,TEATREE HEALTHCARE PVT LTD,MD General Medicine,Specialties
100,TEATREE HEALTHCARE PVT LTD,MD Anaesthesia,Specialties
100,TEATREE HEALTHCARE PVT LTD,MD Psychiatry,Specialties
100,TEATREE HEALTHCARE PVT LTD,MD Pathology,Specialties
100,TEATREE HEALTHCARE PVT LTD,MD Microbiology,Specialties
100,TEATREE HEALTHCARE PVT LTD,MD Physiology,Specialties
100,TEATREE HEALTHCARE PVT LTD,MD Dermatology,Specialties
100,TEATREE HEALTHCARE PVT LTD,MD Community Medicine,Specialties
100,TEATREE HEALTHCARE PVT LTD,MD Biochemistry,Specialties
100,TEATREE HEALTHCARE PVT LTD,MD Radio Diagnosis,Specialties
100,TEATREE HEALTHCARE PVT LTD,MD Emergency Medicine,Specialties
100,TEATREE HEALTHCARE PVT LTD,MDS Orthodontics,Specialties
100,TEATREE HEALTHCARE PVT LTD,MDS Periodontics,Specialties
100,TEATREE HEALTHCARE PVT LTD,MDS Oral Medicine,Specialties
100,TEATREE HEALTHCARE PVT LTD,MDS Oral Surgery,Specialties
100,TEATREE HEALTHCARE PVT LTD,MD Pulmonology,Specialties
100,TEATREE HEALTHCARE PVT LTD,MD Surgery,Specialties
100,TEATREE HEALTHCARE PVT LTD,MD Diet amd Nutrition,Specialties
100,TEATREE HEALTHCARE PVT LTD,DM Cardiology,Super Specialties
100,TEATREE HEALTHCARE PVT LTD,DM Endocrinology,Super Specialties
100,TEATREE HEALTHCARE PVT LTD,DM Gastroenterology,Super Specialties
100,TEATREE HEALTHCARE PVT LTD,DM Nephorology,Super Specialties
100,TEATREE HEALTHCARE PVT LTD,DM Neurology,Super Specialties
100,TEATREE HEALTHCARE PVT LTD,DM Pul.Medicine,Super Specialties
100,TEATREE HEALTHCARE PVT LTD,Mch Gastroenterology,Super Specialties
100,TEATREE HEALTHCARE PVT LTD,Mch Neuro Surgery,Super Specialties
100,TEATREE HEALTHCARE PVT LTD,MCh Pediatric Surgery,Super Specialties
100,TEATREE HEALTHCARE PVT LTD,MCh Plastic Surgery,Super Specialties
100,TEATREE HEALTHCARE PVT LTD,MCh Urology,Super Specialties
100,TEATREE HEALTHCARE PVT LTD,MCh Vascular Surgery,Super Specialties
100,TEATREE HEALTHCARE PVT LTD,Medical Oncology,Super Specialties
107,MS ENT CENTRE,MS ENT,Specialties
111,SRI SAI BALAJI DIAGNOSTIC CENTRE,MDS Oral Pathology,Specialties
113,AMRITHA POLYCLINIC AND DIAGNOSTICS,DM Cardiology,Super Specialties
113,AMRITHA POLYCLINIC AND DIAGNOSTICS,Medical Oncology,Super Specialties
113,AMRITHA POLYCLINIC AND DIAGNOSTICS,MS OBG,Specialties
113,AMRITHA POLYCLINIC AND DIAGNOSTICS,MS Orthopaedics,Specialties
113,AMRITHA POLYCLINIC AND DIAGNOSTICS,MS Ophthalmology,Specialties
114,Nnimma Polyclinic,MS OBG,Specialties
114,Nnimma Polyclinic,MS Orthopaedics,Specialties
114,Nnimma Polyclinic,MD Paediatrics,Specialties
114,Nnimma Polyclinic,MD General Medicine,Specialties
114,Nnimma Polyclinic,MD Anaesthesia,Specialties
114,Nnimma Polyclinic,MD Psychiatry,Specialties
114,Nnimma Polyclinic,MD Dermatology,Specialties
114,Nnimma Polyclinic,DM Cardiology,Super Specialties
115,SRI VIJAYLAXMI SAIDAPUR HOSPITAL,MS Orthopaedics,Specialties
115,SRI VIJAYLAXMI SAIDAPUR HOSPITAL,MS Ophthalmology,Specialties
117,shekar eye hospital a unit of varasiddi hospitals,MS Ophthalmology,Specialties
119,MARKANDEYA CHILD CLINIC,MD Paediatrics,Specialties
121,MAHANANDA SPECIALITY CLINIC,MD General Medicine,Specialties
123,Nagabhushana Hospital,MD General Medicine,Specialties
149,SOMAYAJI HOSPITAL,MS OBG,Specialties
149,SOMAYAJI HOSPITAL,MS ENT,Specialties
149,SOMAYAJI HOSPITAL,MS Orthopaedics,Specialties
149,SOMAYAJI HOSPITAL,MS Ophthalmology,Specialties
149,SOMAYAJI HOSPITAL,MS General Surgery,Specialties
149,SOMAYAJI HOSPITAL,MD Paediatrics,Specialties
149,SOMAYAJI HOSPITAL,MD General Medicine,Specialties
149,SOMAYAJI HOSPITAL,MD Anaesthesia,Specialties
149,SOMAYAJI HOSPITAL,MD Psychiatry,Specialties
149,SOMAYAJI HOSPITAL,MD Pathology,Specialties
149,SOMAYAJI HOSPITAL,MD Dermatology,Specialties
149,SOMAYAJI HOSPITAL,MD Radio Diagnosis,Specialties
149,SOMAYAJI HOSPITAL,MD Pulmonology,Specialties
149,SOMAYAJI HOSPITAL,Diploma in Ophthalmology,Specialties
149,SOMAYAJI HOSPITAL,Diploma in Orthopaedics,Specialties
149,SOMAYAJI HOSPITAL,Diploma in Paediatrics,Specialties
149,SOMAYAJI HOSPITAL,Diploma in Anesthesia,Specialties
149,SOMAYAJI HOSPITAL,Diploma is Gynec and obstetrics,Specialties
155,PATIL SCAN CENTER,MD Radio Diagnosis,Specialties
158,SAI VIJAY CT SCAN AND DIAGNOSTIC CENTRE,MD Radio Diagnosis,Specialties
161,Nishka Healthcare,MD Anaesthesia,Specialties
162,S B MEDICAL CENTRE,MD General Medicine,Specialties
168,CITY MULTISPECIALTY CLINIC,MS General Surgery,Specialties
168,CITY MULTISPECIALTY CLINIC,MD Paediatrics,Specialties
168,CITY MULTISPECIALTY CLINIC,MCh Pediatric Surgery,Super Specialties
168,CITY MULTISPECIALTY CLINIC,MCh Urology,Super Specialties
171,HCG CANCER CENTRE KALABURAGI A Unit of Healthcare Global Enterprises Ltd,MS General Surgery,Specialties
180,SKY MEDICAL CORPORATION,DM Cardiology,Super Specialties
180,SKY MEDICAL CORPORATION,MS OBG,Specialties
180,SKY MEDICAL CORPORATION,MS Orthopaedics,Specialties
180,SKY MEDICAL CORPORATION,MCh Urology,Super Specialties
182,SHRIKIRAN KID CARE CENTRE,MD Paediatrics,Specialties
182,SHRIKIRAN KID CARE CENTRE,MD Paediatrics,Specialties
189,Meenakshi Netralaya,MS Ophthalmology,Specialties
190,V CARE HEALTH AND EYE CENTRE,MD General Medicine,Specialties
195,SRI RAGHAVENDRA CLINIC,MD Paediatrics,Specialties
77,K.L.E.S.DR.PRABHAKAR KORE HOSPITAL AND MEDICAL RESEARCH CENTRE,MS OBG,Specialties
77,K.L.E.S.DR.PRABHAKAR KORE HOSPITAL AND MEDICAL RESEARCH CENTRE,MS ENT,Specialties
77,K.L.E.S.DR.PRABHAKAR KORE HOSPITAL AND MEDICAL RESEARCH CENTRE,MS Orthopaedics,Specialties
77,K.L.E.S.DR.PRABHAKAR KORE HOSPITAL AND MEDICAL RESEARCH CENTRE,MS Ophthalmology,Specialties
77,K.L.E.S.DR.PRABHAKAR KORE HOSPITAL AND MEDICAL RESEARCH CENTRE,MS General Surgery,Specialties
77,K.L.E.S.DR.PRABHAKAR KORE HOSPITAL AND MEDICAL RESEARCH CENTRE,MD Paediatrics,Specialties
77,K.L.E.S.DR.PRABHAKAR KORE HOSPITAL AND MEDICAL RESEARCH CENTRE,MD General Medicine,Specialties
77,K.L.E.S.DR.PRABHAKAR KORE HOSPITAL AND MEDICAL RESEARCH CENTRE,MD Anaesthesia,Specialties
77,K.L.E.S.DR.PRABHAKAR KORE HOSPITAL AND MEDICAL RESEARCH CENTRE,MD Psychiatry,Specialties
77,K.L.E.S.DR.PRABHAKAR KORE HOSPITAL AND MEDICAL RESEARCH CENTRE,MD Pathology,Specialties
77,K.L.E.S.DR.PRABHAKAR KORE HOSPITAL AND MEDICAL RESEARCH CENTRE,MD Microbiology,Specialties
77,K.L.E.S.DR.PRABHAKAR KORE HOSPITAL AND MEDICAL RESEARCH CENTRE,MD Physiology,Specialties
77,K.L.E.S.DR.PRABHAKAR KORE HOSPITAL AND MEDICAL RESEARCH CENTRE,MD Dermatology,Specialties
77,K.L.E.S.DR.PRABHAKAR KORE HOSPITAL AND MEDICAL RESEARCH CENTRE,MD Anatomy,Specialties
77,K.L.E.S.DR.PRABHAKAR KORE HOSPITAL AND MEDICAL RESEARCH CENTRE,MD Community Medicine,Specialties
77,K.L.E.S.DR.PRABHAKAR KORE HOSPITAL AND MEDICAL RESEARCH CENTRE,MD Biochemistry,Specialties
77,K.L.E.S.DR.PRABHAKAR KORE HOSPITAL AND MEDICAL RESEARCH CENTRE,MD Pharmacology,Specialties
77,K.L.E.S.DR.PRABHAKAR KORE HOSPITAL AND MEDICAL RESEARCH CENTRE,MD Forensic Medicine,Specialties
77,K.L.E.S.DR.PRABHAKAR KORE HOSPITAL AND MEDICAL RESEARCH CENTRE,MD Radio Diagnosis,Specialties
77,K.L.E.S.DR.PRABHAKAR KORE HOSPITAL AND MEDICAL RESEARCH CENTRE,MDS Oral Surgery,Specialties
77,K.L.E.S.DR.PRABHAKAR KORE HOSPITAL AND MEDICAL RESEARCH CENTRE,MDS Oral Pathology,Specialties
77,K.L.E.S.DR.PRABHAKAR KORE HOSPITAL AND MEDICAL RESEARCH CENTRE,DM Cardiac Anesthesia,Super Specialties
77,K.L.E.S.DR.PRABHAKAR KORE HOSPITAL AND MEDICAL RESEARCH CENTRE,DM Cardiology,Super Specialties
77,K.L.E.S.DR.PRABHAKAR KORE HOSPITAL AND MEDICAL RESEARCH CENTRE,DM Gastroenterology,Super Specialties
77,K.L.E.S.DR.PRABHAKAR KORE HOSPITAL AND MEDICAL RESEARCH CENTRE,DM Nephorology,Super Specialties
77,K.L.E.S.DR.PRABHAKAR KORE HOSPITAL AND MEDICAL RESEARCH CENTRE,DM Neurology,Super Specialties
77,K.L.E.S.DR.PRABHAKAR KORE HOSPITAL AND MEDICAL RESEARCH CENTRE,Mch Neuro Surgery,Super Specialties
77,K.L.E.S.DR.PRABHAKAR KORE HOSPITAL AND MEDICAL RESEARCH CENTRE,MCh Plastic Surgery,Super Specialties
77,K.L.E.S.DR.PRABHAKAR KORE HOSPITAL AND MEDICAL RESEARCH CENTRE,MCh Urology,Super Specialties
77,K.L.E.S.DR.PRABHAKAR KORE HOSPITAL AND MEDICAL RESEARCH CENTRE,Surgical Oncology,Super Specialties
77,K.L.E.S.DR.PRABHAKAR KORE HOSPITAL AND MEDICAL RESEARCH CENTRE,Mch Cardiothoracic Surgery,Super Specialties
198,Mandya Diagnostic Centre Pvt. Ltd.,MD Pathology,Specialties
198,Mandya Diagnostic Centre Pvt. Ltd.,MD Radio Diagnosis,Specialties
198,Mandya Diagnostic Centre Pvt. Ltd.,DM Cardiology,Super Specialties
211,NAGARATHNA DENTAL CLINIC,MDS Community Dentistry,Specialties
213,The Bone Care and Aditi Kids Clinic,MS Orthopaedics,Specialties
213,The Bone Care and Aditi Kids Clinic,MD Paediatrics,Specialties
213,The Bone Care and Aditi Kids Clinic,MD General Medicine,Specialties
217,Daksh Dental,MDS Prosthodontics,Specialties
216,HOYSALA HOSPITAL,MS OBG,Specialties
221,BENAKA CHILD CARE CLINIC,MD Paediatrics,Specialties
224,HOSMAT HOSPITAL PVT. LTD,MS ENT,Specialties
224,HOSMAT HOSPITAL PVT. LTD,MS Orthopaedics,Specialties
224,HOSMAT HOSPITAL PVT. LTD,MS Ophthalmology,Specialties
224,HOSMAT HOSPITAL PVT. LTD,MS General Surgery,Specialties
224,HOSMAT HOSPITAL PVT. LTD,MD Paediatrics,Specialties
224,HOSMAT HOSPITAL PVT. LTD,MD General Medicine,Specialties
224,HOSMAT HOSPITAL PVT. LTD,MD Anaesthesia,Specialties
224,HOSMAT HOSPITAL PVT. LTD,MD Psychiatry,Specialties
224,HOSMAT HOSPITAL PVT. LTD,MD Pathology,Specialties
224,HOSMAT HOSPITAL PVT. LTD,MD Dermatology,Specialties
224,HOSMAT HOSPITAL PVT. LTD,MD Radio Diagnosis,Specialties
224,HOSMAT HOSPITAL PVT. LTD,MD Emergency Medicine,Specialties
224,HOSMAT HOSPITAL PVT. LTD,DM Cardiac Anesthesia,Super Specialties
224,HOSMAT HOSPITAL PVT. LTD,DM Cardiology,Super Specialties
224,HOSMAT HOSPITAL PVT. LTD,DM Nephorology,Super Specialties
224,HOSMAT HOSPITAL PVT. LTD,DM Neurology,Super Specialties
224,HOSMAT HOSPITAL PVT. LTD,Mch Cardiothoracic Surgery,Super Specialties
224,HOSMAT HOSPITAL PVT. LTD,Mch Neuro Surgery,Super Specialties
224,HOSMAT HOSPITAL PVT. LTD,MCh Plastic Surgery,Super Specialties
224,HOSMAT HOSPITAL PVT. LTD,MCh Urology,Super Specialties
224,HOSMAT HOSPITAL PVT. LTD,MCh Vascular Surgery,Super Specialties
224,HOSMAT HOSPITAL PVT. LTD,Medical Oncology,Super Specialties
224,HOSMAT HOSPITAL PVT. LTD,Surgical Oncology,Super Specialties
224,HOSMAT HOSPITAL PVT. LTD,MS OBG,Specialties
232,GULBARGA HEART FOUNDATION AND RESEARCH CENTRE HOSPITAL,MD General Medicine,Specialties
239,TRUST IN HOSPITAL NMPC HEALTHCARE PVT.LTD.,DM Cardiac Anesthesia,Super Specialties
239,TRUST IN HOSPITAL NMPC HEALTHCARE PVT.LTD.,DM Cardiology,Super Specialties
239,TRUST IN HOSPITAL NMPC HEALTHCARE PVT.LTD.,DM Endocrinology,Super Specialties
239,TRUST IN HOSPITAL NMPC HEALTHCARE PVT.LTD.,DM Gastroenterology,Super Specialties
239,TRUST IN HOSPITAL NMPC HEALTHCARE PVT.LTD.,DM Neonatology,Super Specialties
239,TRUST IN HOSPITAL NMPC HEALTHCARE PVT.LTD.,DM Nephorology,Super Specialties
239,TRUST IN HOSPITAL NMPC HEALTHCARE PVT.LTD.,DM Neurology,Super Specialties
239,TRUST IN HOSPITAL NMPC HEALTHCARE PVT.LTD.,DM Pul.Medicine,Super Specialties
239,TRUST IN HOSPITAL NMPC HEALTHCARE PVT.LTD.,Mch Cardiothoracic Surgery,Super Specialties
239,TRUST IN HOSPITAL NMPC HEALTHCARE PVT.LTD.,Mch Gastroenterology,Super Specialties
239,TRUST IN HOSPITAL NMPC HEALTHCARE PVT.LTD.,Mch Neuro Surgery,Super Specialties
239,TRUST IN HOSPITAL NMPC HEALTHCARE PVT.LTD.,MCh Pediatric Surgery,Super Specialties
239,TRUST IN HOSPITAL NMPC HEALTHCARE PVT.LTD.,MCh Plastic Surgery,Super Specialties
239,TRUST IN HOSPITAL NMPC HEALTHCARE PVT.LTD.,MCh Urology,Super Specialties
239,TRUST IN HOSPITAL NMPC HEALTHCARE PVT.LTD.,MCh Vascular Surgery,Super Specialties
239,TRUST IN HOSPITAL NMPC HEALTHCARE PVT.LTD.,Medical Oncology,Super Specialties
239,TRUST IN HOSPITAL NMPC HEALTHCARE PVT.LTD.,Surgical Oncology,Super Specialties
239,TRUST IN HOSPITAL NMPC HEALTHCARE PVT.LTD.,Radiation Oncology,Super Specialties
245,SHA DAMJI JADAVJI CHHEDA MEMORIAL RASHTROTTHANA BLOOD CENTRE,MD Pathology,Specialties
250,V CARE HEALTH AND EYE CENTRE,MD General Medicine,Specialties
255,SUSHRUTA MEDICAL AID AND RESEARCH HOSPITAL LIMITED,MS OBG,Specialties
255,SUSHRUTA MEDICAL AID AND RESEARCH HOSPITAL LIMITED,MS Orthopaedics,Specialties
255,SUSHRUTA MEDICAL AID AND RESEARCH HOSPITAL LIMITED,MD Paediatrics,Specialties
255,SUSHRUTA MEDICAL AID AND RESEARCH HOSPITAL LIMITED,MD General Medicine,Specialties
255,SUSHRUTA MEDICAL AID AND RESEARCH HOSPITAL LIMITED,MD Anaesthesia,Specialties
255,SUSHRUTA MEDICAL AID AND RESEARCH HOSPITAL LIMITED,MD Pathology,Specialties
255,SUSHRUTA MEDICAL AID AND RESEARCH HOSPITAL LIMITED,MD Dermatology,Specialties
255,SUSHRUTA MEDICAL AID AND RESEARCH HOSPITAL LIMITED,MD Pulmonology,Specialties
255,SUSHRUTA MEDICAL AID AND RESEARCH HOSPITAL LIMITED,Diploma is Gynec and obstetrics,Specialties
255,SUSHRUTA MEDICAL AID AND RESEARCH HOSPITAL LIMITED,MS OBG,Specialties
255,SUSHRUTA MEDICAL AID AND RESEARCH HOSPITAL LIMITED,MS ENT,Specialties
255,SUSHRUTA MEDICAL AID AND RESEARCH HOSPITAL LIMITED,MS Orthopaedics,Specialties
255,SUSHRUTA MEDICAL AID AND RESEARCH HOSPITAL LIMITED,MS Ophthalmology,Specialties
255,SUSHRUTA MEDICAL AID AND RESEARCH HOSPITAL LIMITED,MS General Surgery,Specialties
255,SUSHRUTA MEDICAL AID AND RESEARCH HOSPITAL LIMITED,MD Paediatrics,Specialties
255,SUSHRUTA MEDICAL AID AND RESEARCH HOSPITAL LIMITED,MD General Medicine,Specialties
255,SUSHRUTA MEDICAL AID AND RESEARCH HOSPITAL LIMITED,MD Anaesthesia,Specialties
255,SUSHRUTA MEDICAL AID AND RESEARCH HOSPITAL LIMITED,MD Psychiatry,Specialties
255,SUSHRUTA MEDICAL AID AND RESEARCH HOSPITAL LIMITED,MD Pathology,Specialties
255,SUSHRUTA MEDICAL AID AND RESEARCH HOSPITAL LIMITED,MD Microbiology,Specialties
255,SUSHRUTA MEDICAL AID AND RESEARCH HOSPITAL LIMITED,MD Dermatology,Specialties
255,SUSHRUTA MEDICAL AID AND RESEARCH HOSPITAL LIMITED,DM Cardiology,Super Specialties
255,SUSHRUTA MEDICAL AID AND RESEARCH HOSPITAL LIMITED,DM Nephorology,Super Specialties
255,SUSHRUTA MEDICAL AID AND RESEARCH HOSPITAL LIMITED,DM Neurology,Super Specialties
255,SUSHRUTA MEDICAL AID AND RESEARCH HOSPITAL LIMITED,Mch Cardiothoracic Surgery,Super Specialties
255,SUSHRUTA MEDICAL AID AND RESEARCH HOSPITAL LIMITED,Mch Gastroenterology,Super Specialties
255,SUSHRUTA MEDICAL AID AND RESEARCH HOSPITAL LIMITED,MCh Plastic Surgery,Super Specialties
255,SUSHRUTA MEDICAL AID AND RESEARCH HOSPITAL LIMITED,MCh Urology,Super Specialties
255,SUSHRUTA MEDICAL AID AND RESEARCH HOSPITAL LIMITED,MCh Vascular Surgery,Super Specialties
255,SUSHRUTA MEDICAL AID AND RESEARCH HOSPITAL LIMITED,Surgical Oncology,Super Specialties
255,SUSHRUTA MEDICAL AID AND RESEARCH HOSPITAL LIMITED,Radiation Oncology,Super Specialties
271,NAGARATHNA DENTAL CLINIC,MDS Community Dentistry,Specialties
294,LAKSHMI CHILD CLINIC,MD Paediatrics,Specialties
295,TRUST IN HOSPITAL NMPC HEALTHCARE PVT.LTD.,DM Cardiac Anesthesia,Super Specialties
295,TRUST IN HOSPITAL NMPC HEALTHCARE PVT.LTD.,DM Cardiology,Super Specialties
295,TRUST IN HOSPITAL NMPC HEALTHCARE PVT.LTD.,DM Endocrinology,Super Specialties
295,TRUST IN HOSPITAL NMPC HEALTHCARE PVT.LTD.,DM Gastroenterology,Super Specialties
295,TRUST IN HOSPITAL NMPC HEALTHCARE PVT.LTD.,DM Neonatology,Super Specialties
295,TRUST IN HOSPITAL NMPC HEALTHCARE PVT.LTD.,DM Nephorology,Super Specialties
295,TRUST IN HOSPITAL NMPC HEALTHCARE PVT.LTD.,DM Neurology,Super Specialties
295,TRUST IN HOSPITAL NMPC HEALTHCARE PVT.LTD.,DM Pul.Medicine,Super Specialties
295,TRUST IN HOSPITAL NMPC HEALTHCARE PVT.LTD.,Mch Cardiothoracic Surgery,Super Specialties
295,TRUST IN HOSPITAL NMPC HEALTHCARE PVT.LTD.,Mch Gastroenterology,Super Specialties
295,TRUST IN HOSPITAL NMPC HEALTHCARE PVT.LTD.,Mch Neuro Surgery,Super Specialties
295,TRUST IN HOSPITAL NMPC HEALTHCARE PVT.LTD.,MCh Pediatric Surgery,Super Specialties
295,TRUST IN HOSPITAL NMPC HEALTHCARE PVT.LTD.,MCh Plastic Surgery,Super Specialties
295,TRUST IN HOSPITAL NMPC HEALTHCARE PVT.LTD.,MCh Urology,Super Specialties
295,TRUST IN HOSPITAL NMPC HEALTHCARE PVT.LTD.,MCh Vascular Surgery,Super Specialties
295,TRUST IN HOSPITAL NMPC HEALTHCARE PVT.LTD.,Medical Oncology,Super Specialties
295,TRUST IN HOSPITAL NMPC HEALTHCARE PVT.LTD.,Surgical Oncology,Super Specialties
295,TRUST IN HOSPITAL NMPC HEALTHCARE PVT.LTD.,Radiation Oncology,Super Specialties
313,JAI AMBE GENERAL HOSPITAL,MD General Medicine,Specialties
313,JAI AMBE GENERAL HOSPITAL,Diploma is Gynec and obstetrics,Specialties
315,Tara Clinic,MS OBG,Specialties
307,SUSHRUTA MEDICAL AID AND RESEARCH HOSPITAL LIMITED,MS OBG,Specialties
307,SUSHRUTA MEDICAL AID AND RESEARCH HOSPITAL LIMITED,MS Orthopaedics,Specialties
307,SUSHRUTA MEDICAL AID AND RESEARCH HOSPITAL LIMITED,MD Paediatrics,Specialties
307,SUSHRUTA MEDICAL AID AND RESEARCH HOSPITAL LIMITED,MD General Medicine,Specialties
307,SUSHRUTA MEDICAL AID AND RESEARCH HOSPITAL LIMITED,MD Anaesthesia,Specialties
307,SUSHRUTA MEDICAL AID AND RESEARCH HOSPITAL LIMITED,MD Pathology,Specialties
307,SUSHRUTA MEDICAL AID AND RESEARCH HOSPITAL LIMITED,MD Dermatology,Specialties
307,SUSHRUTA MEDICAL AID AND RESEARCH HOSPITAL LIMITED,MD Pulmonology,Specialties
307,SUSHRUTA MEDICAL AID AND RESEARCH HOSPITAL LIMITED,Diploma is Gynec and obstetrics,Specialties
307,SUSHRUTA MEDICAL AID AND RESEARCH HOSPITAL LIMITED,MS OBG,Specialties
307,SUSHRUTA MEDICAL AID AND RESEARCH HOSPITAL LIMITED,MS ENT,Specialties
307,SUSHRUTA MEDICAL AID AND RESEARCH HOSPITAL LIMITED,MS Orthopaedics,Specialties
307,SUSHRUTA MEDICAL AID AND RESEARCH HOSPITAL LIMITED,MS Ophthalmology,Specialties
307,SUSHRUTA MEDICAL AID AND RESEARCH HOSPITAL LIMITED,MS General Surgery,Specialties
307,SUSHRUTA MEDICAL AID AND RESEARCH HOSPITAL LIMITED,MD Paediatrics,Specialties
307,SUSHRUTA MEDICAL AID AND RESEARCH HOSPITAL LIMITED,MD General Medicine,Specialties
307,SUSHRUTA MEDICAL AID AND RESEARCH HOSPITAL LIMITED,MD Anaesthesia,Specialties
307,SUSHRUTA MEDICAL AID AND RESEARCH HOSPITAL LIMITED,MD Psychiatry,Specialties
307,SUSHRUTA MEDICAL AID AND RESEARCH HOSPITAL LIMITED,MD Pathology,Specialties
307,SUSHRUTA MEDICAL AID AND RESEARCH HOSPITAL LIMITED,MD Microbiology,Specialties
307,SUSHRUTA MEDICAL AID AND RESEARCH HOSPITAL LIMITED,MD Dermatology,Specialties
307,SUSHRUTA MEDICAL AID AND RESEARCH HOSPITAL LIMITED,DM Cardiology,Super Specialties
307,SUSHRUTA MEDICAL AID AND RESEARCH HOSPITAL LIMITED,DM Nephorology,Super Specialties
307,SUSHRUTA MEDICAL AID AND RESEARCH HOSPITAL LIMITED,DM Neurology,Super Specialties
307,SUSHRUTA MEDICAL AID AND RESEARCH HOSPITAL LIMITED,Mch Cardiothoracic Surgery,Super Specialties
307,SUSHRUTA MEDICAL AID AND RESEARCH HOSPITAL LIMITED,Mch Gastroenterology,Super Specialties
307,SUSHRUTA MEDICAL AID AND RESEARCH HOSPITAL LIMITED,MCh Plastic Surgery,Super Specialties
307,SUSHRUTA MEDICAL AID AND RESEARCH HOSPITAL LIMITED,MCh Urology,Super Specialties
307,SUSHRUTA MEDICAL AID AND RESEARCH HOSPITAL LIMITED,MCh Vascular Surgery,Super Specialties
307,SUSHRUTA MEDICAL AID AND RESEARCH HOSPITAL LIMITED,Surgical Oncology,Super Specialties
307,SUSHRUTA MEDICAL AID AND RESEARCH HOSPITAL LIMITED,Radiation Oncology,Super Specialties
318,TIRUMALA ORTHOPAEDIC & SURGICAL SPECIALITY CENTER NEWBORN & KIDS CARE CENTER,MS OBG,Specialties
318,TIRUMALA ORTHOPAEDIC & SURGICAL SPECIALITY CENTER NEWBORN & KIDS CARE CENTER,MS ENT,Specialties
318,TIRUMALA ORTHOPAEDIC & SURGICAL SPECIALITY CENTER NEWBORN & KIDS CARE CENTER,MS Orthopaedics,Specialties
318,TIRUMALA ORTHOPAEDIC & SURGICAL SPECIALITY CENTER NEWBORN & KIDS CARE CENTER,MS General Surgery,Specialties
318,TIRUMALA ORTHOPAEDIC & SURGICAL SPECIALITY CENTER NEWBORN & KIDS CARE CENTER,MD Paediatrics,Specialties
318,TIRUMALA ORTHOPAEDIC & SURGICAL SPECIALITY CENTER NEWBORN & KIDS CARE CENTER,MD General Medicine,Specialties
318,TIRUMALA ORTHOPAEDIC & SURGICAL SPECIALITY CENTER NEWBORN & KIDS CARE CENTER,MD Anaesthesia,Specialties
321,child care clinic,MD Paediatrics,Specialties
280,RajaRajeswari Medical College & Hospital,MS OBG,Specialties
280,RajaRajeswari Medical College & Hospital,MS ENT,Specialties
280,RajaRajeswari Medical College & Hospital,MS Orthopaedics,Specialties
280,RajaRajeswari Medical College & Hospital,MS Ophthalmology,Specialties
280,RajaRajeswari Medical College & Hospital,MS General Surgery,Specialties
280,RajaRajeswari Medical College & Hospital,MD Paediatrics,Specialties
280,RajaRajeswari Medical College & Hospital,MD General Medicine,Specialties
280,RajaRajeswari Medical College & Hospital,MD Anaesthesia,Specialties
280,RajaRajeswari Medical College & Hospital,MD Psychiatry,Specialties
280,RajaRajeswari Medical College & Hospital,MD Pathology,Specialties
280,RajaRajeswari Medical College & Hospital,MD Microbiology,Specialties
280,RajaRajeswari Medical College & Hospital,MD Physiology,Specialties
280,RajaRajeswari Medical College & Hospital,MD Dermatology,Specialties
280,RajaRajeswari Medical College & Hospital,MD Anatomy,Specialties
280,RajaRajeswari Medical College & Hospital,MD Community Medicine,Specialties
280,RajaRajeswari Medical College & Hospital,MD Biochemistry,Specialties
280,RajaRajeswari Medical College & Hospital,MD Pharmacology,Specialties
280,RajaRajeswari Medical College & Hospital,MD Forensic Medicine,Specialties
280,RajaRajeswari Medical College & Hospital,MD Radio Diagnosis,Specialties
280,RajaRajeswari Medical College & Hospital,DM Cardiology,Super Specialties
280,RajaRajeswari Medical College & Hospital,Mch Neuro Surgery,Super Specialties
280,RajaRajeswari Medical College & Hospital,MCh Pediatric Surgery,Super Specialties
280,RajaRajeswari Medical College & Hospital,MCh Plastic Surgery,Super Specialties
280,RajaRajeswari Medical College & Hospital,MCh Urology,Super Specialties
344,DR S F KAMMAR CLINIC,MS Orthopaedics,Specialties
347,Renew Health Care,DM Neurology,Super Specialties
347,Renew Health Care,MS OBG,Specialties
351,UNITY HOSPITAL,MS General Surgery,Specialties
351,UNITY HOSPITAL,MD General Medicine,Specialties
351,UNITY HOSPITAL,MCh Urology,Super Specialties
351,UNITY HOSPITAL,MD Paediatrics,Specialties
357,Mudalgi Eye Hospital,MS Ophthalmology,Specialties
356,SANJEEVINI HOSPITAL,MS OBG,Specialties
356,SANJEEVINI HOSPITAL,MS ENT,Specialties
356,SANJEEVINI HOSPITAL,MS General Surgery,Specialties
356,SANJEEVINI HOSPITAL,MD Paediatrics,Specialties
356,SANJEEVINI HOSPITAL,MD General Medicine,Specialties
356,SANJEEVINI HOSPITAL,MD Anaesthesia,Specialties
356,SANJEEVINI HOSPITAL,MD Microbiology,Specialties
356,SANJEEVINI HOSPITAL,MD Radio Diagnosis,Specialties
358,GANESH NURSING & MATERNITY HOME,MS OBG,Specialties
358,GANESH NURSING & MATERNITY HOME,MS ENT,Specialties
358,GANESH NURSING & MATERNITY HOME,MS Orthopaedics,Specialties
358,GANESH NURSING & MATERNITY HOME,MS General Surgery,Specialties
358,GANESH NURSING & MATERNITY HOME,MD General Medicine,Specialties
358,GANESH NURSING & MATERNITY HOME,MD Pathology,Specialties
358,GANESH NURSING & MATERNITY HOME,MD Dermatology,Specialties
364,ASHVIK DIAGNOSTIC AND ORTHO CLINIC,MS Orthopaedics,Specialties
364,ASHVIK DIAGNOSTIC AND ORTHO CLINIC,MD Radio Diagnosis,Specialties
365,PRUTHVI CLINIC,MS General Surgery,Specialties
377,DR.Y.P.VITTAL ENT CLINIC,MS ENT,Specialties
378,MAAX HOSPITAL,MS OBG,Specialties
378,MAAX HOSPITAL,MS ENT,Specialties
378,MAAX HOSPITAL,MS Orthopaedics,Specialties
378,MAAX HOSPITAL,MS Ophthalmology,Specialties
378,MAAX HOSPITAL,MS General Surgery,Specialties
378,MAAX HOSPITAL,MD Paediatrics,Specialties
378,MAAX HOSPITAL,MD General Medicine,Specialties
378,MAAX HOSPITAL,MD Anaesthesia,Specialties
378,MAAX HOSPITAL,MD Pathology,Specialties
378,MAAX HOSPITAL,MD Microbiology,Specialties
378,MAAX HOSPITAL,MD Physiology,Specialties
378,MAAX HOSPITAL,MD Dermatology,Specialties
378,MAAX HOSPITAL,MD Anatomy,Specialties
378,MAAX HOSPITAL,MD Community Medicine,Specialties
378,MAAX HOSPITAL,MD Biochemistry,Specialties
378,MAAX HOSPITAL,MD Radio Diagnosis,Specialties
378,MAAX HOSPITAL,MD Emergency Medicine,Specialties
386,SHASTRA HOSPITAL,MS OBG,Specialties
386,SHASTRA HOSPITAL,MS ENT,Specialties
386,SHASTRA HOSPITAL,MS Orthopaedics,Specialties
386,SHASTRA HOSPITAL,MS Ophthalmology,Specialties
386,SHASTRA HOSPITAL,MS General Surgery,Specialties
386,SHASTRA HOSPITAL,MD Paediatrics,Specialties
386,SHASTRA HOSPITAL,MD General Medicine,Specialties
386,SHASTRA HOSPITAL,MD Anaesthesia,Specialties
386,SHASTRA HOSPITAL,MD Psychiatry,Specialties
386,SHASTRA HOSPITAL,MD Pathology,Specialties
386,SHASTRA HOSPITAL,MD Physiology,Specialties
386,SHASTRA HOSPITAL,MD Dermatology,Specialties
386,SHASTRA HOSPITAL,MD Anatomy,Specialties
386,SHASTRA HOSPITAL,MD Community Medicine,Specialties
386,SHASTRA HOSPITAL,MD Biochemistry,Specialties
386,SHASTRA HOSPITAL,MD Pharmacology,Specialties
386,SHASTRA HOSPITAL,MD Forensic Medicine,Specialties
386,SHASTRA HOSPITAL,MD Radio Diagnosis,Specialties
386,SHASTRA HOSPITAL,MD Emergency Medicine,Specialties
329,RajaRajeswari Medical College & Hospital,MS OBG,Specialties
329,RajaRajeswari Medical College & Hospital,MS ENT,Specialties
329,RajaRajeswari Medical College & Hospital,MS Orthopaedics,Specialties
329,RajaRajeswari Medical College & Hospital,MS Ophthalmology,Specialties
329,RajaRajeswari Medical College & Hospital,MS General Surgery,Specialties
329,RajaRajeswari Medical College & Hospital,MD Paediatrics,Specialties
329,RajaRajeswari Medical College & Hospital,MD General Medicine,Specialties
329,RajaRajeswari Medical College & Hospital,MD Anaesthesia,Specialties
329,RajaRajeswari Medical College & Hospital,MD Psychiatry,Specialties
329,RajaRajeswari Medical College & Hospital,MD Pathology,Specialties
329,RajaRajeswari Medical College & Hospital,MD Microbiology,Specialties
329,RajaRajeswari Medical College & Hospital,MD Physiology,Specialties
329,RajaRajeswari Medical College & Hospital,MD Dermatology,Specialties
329,RajaRajeswari Medical College & Hospital,MD Anatomy,Specialties
329,RajaRajeswari Medical College & Hospital,MD Community Medicine,Specialties
329,RajaRajeswari Medical College & Hospital,MD Biochemistry,Specialties
329,RajaRajeswari Medical College & Hospital,MD Pharmacology,Specialties
329,RajaRajeswari Medical College & Hospital,MD Forensic Medicine,Specialties
329,RajaRajeswari Medical College & Hospital,MD Radio Diagnosis,Specialties
329,RajaRajeswari Medical College & Hospital,DM Cardiology,Super Specialties
329,RajaRajeswari Medical College & Hospital,Mch Neuro Surgery,Super Specialties
329,RajaRajeswari Medical College & Hospital,MCh Pediatric Surgery,Super Specialties
329,RajaRajeswari Medical College & Hospital,MCh Plastic Surgery,Super Specialties
329,RajaRajeswari Medical College & Hospital,MCh Urology,Super Specialties
389,Totalkare Knee And Sports Injurys Clinic,MS Orthopaedics,Specialties
390,SERA JHE HEALTH CARE COMMITTEE,Diploma in Tuberculosis and Chest Diseases,Specialties
395,SRI MANJUNATHA NETHRALYA,MS Ophthalmology,Specialties
399,vijaya nethralaya,Diploma in Ophthalmology,Specialties
407,VIVEKANANDA HOSPITAL,MD General Medicine,Specialties
406,SANJEEVINI HOSPITAL,MS OBG,Specialties
406,SANJEEVINI HOSPITAL,MS ENT,Specialties
406,SANJEEVINI HOSPITAL,MS General Surgery,Specialties
406,SANJEEVINI HOSPITAL,MD Paediatrics,Specialties
406,SANJEEVINI HOSPITAL,MD General Medicine,Specialties
406,SANJEEVINI HOSPITAL,MD Anaesthesia,Specialties
406,SANJEEVINI HOSPITAL,MD Microbiology,Specialties
406,SANJEEVINI HOSPITAL,MD Radio Diagnosis,Specialties
423,Spandana Health Care Center,MD General Medicine,Specialties
431,Shree Raghavendra kids clinic,MD Paediatrics,Specialties
434,DR.Y.P.VITTAL ENT CLINIC,MS ENT,Specialties
437,JEEVANAJYOTI HEART AND BRAIN CLINIC,DM Cardiology,Super Specialties
440,Samruddhi Polyclinic and Diagnostics,MD Paediatrics,Specialties
440,Samruddhi Polyclinic and Diagnostics,MD General Medicine,Specialties
440,Samruddhi Polyclinic and Diagnostics,MS Orthopaedics,Specialties
449,AYUSHMAN SPECIALITY CLINIC,DM Nephorology,Super Specialties
449,AYUSHMAN SPECIALITY CLINIC,MS Orthopaedics,Specialties
449,AYUSHMAN SPECIALITY CLINIC,MD General Medicine,Specialties
452,VIVEKANANDA HEALTHCARE SOLUTIONS ANNAPURNA HOSPITAL,MS General Surgery,Specialties
452,VIVEKANANDA HEALTHCARE SOLUTIONS ANNAPURNA HOSPITAL,MD General Medicine,Specialties
461,PVR Diagnostics and Speciality Clinics,MD Dermatology,Specialties
467,LAKSHMI HOSPITAL,MD Dermatology,Specialties
465,ADITI HOSPITAL,MS OBG,Specialties
465,ADITI HOSPITAL,MS ENT,Specialties
465,ADITI HOSPITAL,MS Orthopaedics,Specialties
465,ADITI HOSPITAL,MS Ophthalmology,Specialties
465,ADITI HOSPITAL,MS General Surgery,Specialties
465,ADITI HOSPITAL,MD Paediatrics,Specialties
465,ADITI HOSPITAL,MD General Medicine,Specialties
465,ADITI HOSPITAL,MD Anaesthesia,Specialties
465,ADITI HOSPITAL,MS OBG,Specialties
465,ADITI HOSPITAL,MS ENT,Specialties
465,ADITI HOSPITAL,MS Orthopaedics,Specialties
465,ADITI HOSPITAL,MS Ophthalmology,Specialties
465,ADITI HOSPITAL,MS General Surgery,Specialties
465,ADITI HOSPITAL,MD Paediatrics,Specialties
465,ADITI HOSPITAL,MD General Medicine,Specialties
465,ADITI HOSPITAL,MD Anaesthesia,Specialties
465,ADITI HOSPITAL,Diploma in Cardiology,Specialties
465,ADITI HOSPITAL,Diploma is Gynec and obstetrics,Specialties
468,ACCURA DIAGNOSITCS & HEALTHCARE,MD Pathology,Specialties
468,ACCURA DIAGNOSITCS & HEALTHCARE,MD Pathology,Specialties
469,Ashwini dental clinic,MD Pathology,Specialties
472,CHILD CARE CENTRE,MD Paediatrics,Specialties
473,Sai Ortho care,MS Orthopaedics,Specialties
474,FORTIS HOSPITALS LTD,MS OBG,Specialties
474,FORTIS HOSPITALS LTD,MS ENT,Specialties
474,FORTIS HOSPITALS LTD,MS Orthopaedics,Specialties
474,FORTIS HOSPITALS LTD,MS Ophthalmology,Specialties
474,FORTIS HOSPITALS LTD,MS General Surgery,Specialties
474,FORTIS HOSPITALS LTD,MD General Medicine,Specialties
474,FORTIS HOSPITALS LTD,MD Anaesthesia,Specialties
474,FORTIS HOSPITALS LTD,MD Pathology,Specialties
474,FORTIS HOSPITALS LTD,MD Microbiology,Specialties
474,FORTIS HOSPITALS LTD,MD Dermatology,Specialties
474,FORTIS HOSPITALS LTD,MD Biochemistry,Specialties
474,FORTIS HOSPITALS LTD,MD Pharmacology,Specialties
474,FORTIS HOSPITALS LTD,MD Radio Diagnosis,Specialties
474,FORTIS HOSPITALS LTD,MD Emergency Medicine,Specialties
474,FORTIS HOSPITALS LTD,DM Cardiology,Super Specialties
474,FORTIS HOSPITALS LTD,DM Endocrinology,Super Specialties
474,FORTIS HOSPITALS LTD,DM Gastroenterology,Super Specialties
474,FORTIS HOSPITALS LTD,DM Nephorology,Super Specialties
474,FORTIS HOSPITALS LTD,DM Neurology,Super Specialties
474,FORTIS HOSPITALS LTD,DM Pul.Medicine,Super Specialties
474,FORTIS HOSPITALS LTD,Mch Cardiothoracic Surgery,Super Specialties
474,FORTIS HOSPITALS LTD,Mch Gastroenterology,Super Specialties
474,FORTIS HOSPITALS LTD,MCh Urology,Super Specialties
474,FORTIS HOSPITALS LTD,MCh Vascular Surgery,Super Specialties
474,FORTIS HOSPITALS LTD,Medical Oncology,Super Specialties
474,FORTIS HOSPITALS LTD,Surgical Oncology,Super Specialties
486,GEETHA NEURO CARE,DM Neurology,Super Specialties
491,Sun Orthopaedic Centre,MS Orthopaedics,Specialties
491,Sun Orthopaedic Centre,MD General Medicine,Specialties
498,ORANGE DIAGNOSTICS,MD Radio Diagnosis,Specialties
512,SRI MANJUNATHA NETHRALYA,MS Ophthalmology,Specialties
514,PALLA S MULTI SPECIALITY HOSPITAL,MS OBG,Specialties
514,PALLA S MULTI SPECIALITY HOSPITAL,MS General Surgery,Specialties
515,vijaya nethralaya,Diploma in Ophthalmology,Specialties
516,SHRI RAGHAVENDRA CLINIC,MD General Medicine,Specialties
517,PRIME HOSPITAL,MS Orthopaedics,Specialties
521,BHAVANI DIAGNOSTIC CENTER,MD Pathology,Specialties
520,Kumudini Hospital & Maternity Home,MS OBG,Specialties
520,Kumudini Hospital & Maternity Home,MD Paediatrics,Specialties
520,Kumudini Hospital & Maternity Home,MD General Medicine,Specialties
520,Kumudini Hospital & Maternity Home,MD Emergency Medicine,Specialties
523,SWASTIK ENT CARE AND HEARING AID CENTRE,Diploma in Oto-Rhino-Laryngology,Specialties
527,MRUTHYUNJAYA NURSING HOME,MD Anaesthesia,Specialties
527,MRUTHYUNJAYA NURSING HOME,MS OBG,Specialties
527,MRUTHYUNJAYA NURSING HOME,MS ENT,Specialties
527,MRUTHYUNJAYA NURSING HOME,MS Orthopaedics,Specialties
527,MRUTHYUNJAYA NURSING HOME,MS General Surgery,Specialties
527,MRUTHYUNJAYA NURSING HOME,MD Paediatrics,Specialties
530,HEALTHY SMILES DENTAL HOME,MD Paediatrics,Specialties
533,SASALU HEALTH CARE,MD General Medicine,Specialties
534,SUVIDHA HOSPITAL,DM Nephorology,Super Specialties
534,SUVIDHA HOSPITAL,MS OBG,Specialties
534,SUVIDHA HOSPITAL,MS General Surgery,Specialties
536,CHANDRAKALA HOSPITAL AND INSTITUTE OF MEDICAL RESEARCH,MS Orthopaedics,Specialties
536,CHANDRAKALA HOSPITAL AND INSTITUTE OF MEDICAL RESEARCH,MS General Surgery,Specialties
536,CHANDRAKALA HOSPITAL AND INSTITUTE OF MEDICAL RESEARCH,MD General Medicine,Specialties
536,CHANDRAKALA HOSPITAL AND INSTITUTE OF MEDICAL RESEARCH,MD Anaesthesia,Specialties
536,CHANDRAKALA HOSPITAL AND INSTITUTE OF MEDICAL RESEARCH,MD Pathology,Specialties
543,Shri Lakshmidhanvanthari Chikithsalaya,MD General Medicine,Specialties
548,Nayana Health Clinic,MS General Surgery,Specialties
548,Nayana Health Clinic,MD Paediatrics,Specialties
548,Nayana Health Clinic,MD Psychiatry,Specialties
548,Nayana Health Clinic,Diploma is Gynec and obstetrics,Specialties
551,NARA VIJNANA,MS General Surgery,Specialties
556,Lakshmi Nursing Home,MS OBG,Specialties
556,Lakshmi Nursing Home,MS General Surgery,Specialties
556,Lakshmi Nursing Home,MD Anaesthesia,Specialties
557,RANGANATHA CLINIC,MD Panchakarma,Specialties
559,HASANs Clinic,MD General Medicine,Specialties
554,MAZUMDAR SHAW MEDICAL CENTRE A UNIT OF NARAYANA HRUDAYALAYA LTD,MS OBG,Specialties
554,MAZUMDAR SHAW MEDICAL CENTRE A UNIT OF NARAYANA HRUDAYALAYA LTD,MS ENT,Specialties
554,MAZUMDAR SHAW MEDICAL CENTRE A UNIT OF NARAYANA HRUDAYALAYA LTD,MS Orthopaedics,Specialties
554,MAZUMDAR SHAW MEDICAL CENTRE A UNIT OF NARAYANA HRUDAYALAYA LTD,MS General Surgery,Specialties
554,MAZUMDAR SHAW MEDICAL CENTRE A UNIT OF NARAYANA HRUDAYALAYA LTD,MD Paediatrics,Specialties
554,MAZUMDAR SHAW MEDICAL CENTRE A UNIT OF NARAYANA HRUDAYALAYA LTD,MD General Medicine,Specialties
554,MAZUMDAR SHAW MEDICAL CENTRE A UNIT OF NARAYANA HRUDAYALAYA LTD,MD Anaesthesia,Specialties
554,MAZUMDAR SHAW MEDICAL CENTRE A UNIT OF NARAYANA HRUDAYALAYA LTD,MD Psychiatry,Specialties
554,MAZUMDAR SHAW MEDICAL CENTRE A UNIT OF NARAYANA HRUDAYALAYA LTD,MD Pathology,Specialties
554,MAZUMDAR SHAW MEDICAL CENTRE A UNIT OF NARAYANA HRUDAYALAYA LTD,MD Microbiology,Specialties
554,MAZUMDAR SHAW MEDICAL CENTRE A UNIT OF NARAYANA HRUDAYALAYA LTD,MD Dermatology,Specialties
554,MAZUMDAR SHAW MEDICAL CENTRE A UNIT OF NARAYANA HRUDAYALAYA LTD,MD Community Medicine,Specialties
554,MAZUMDAR SHAW MEDICAL CENTRE A UNIT OF NARAYANA HRUDAYALAYA LTD,MD Radio Diagnosis,Specialties
554,MAZUMDAR SHAW MEDICAL CENTRE A UNIT OF NARAYANA HRUDAYALAYA LTD,MD Emergency Medicine,Specialties
554,MAZUMDAR SHAW MEDICAL CENTRE A UNIT OF NARAYANA HRUDAYALAYA LTD,DM Endocrinology,Super Specialties
554,MAZUMDAR SHAW MEDICAL CENTRE A UNIT OF NARAYANA HRUDAYALAYA LTD,DM Gastroenterology,Super Specialties
554,MAZUMDAR SHAW MEDICAL CENTRE A UNIT OF NARAYANA HRUDAYALAYA LTD,DM Neonatology,Super Specialties
554,MAZUMDAR SHAW MEDICAL CENTRE A UNIT OF NARAYANA HRUDAYALAYA LTD,DM Neurology,Super Specialties
554,MAZUMDAR SHAW MEDICAL CENTRE A UNIT OF NARAYANA HRUDAYALAYA LTD,DM Pul.Medicine,Super Specialties
554,MAZUMDAR SHAW MEDICAL CENTRE A UNIT OF NARAYANA HRUDAYALAYA LTD,Mch Cardiothoracic Surgery,Super Specialties
554,MAZUMDAR SHAW MEDICAL CENTRE A UNIT OF NARAYANA HRUDAYALAYA LTD,Mch Gastroenterology,Super Specialties
554,MAZUMDAR SHAW MEDICAL CENTRE A UNIT OF NARAYANA HRUDAYALAYA LTD,Mch Neuro Surgery,Super Specialties
554,MAZUMDAR SHAW MEDICAL CENTRE A UNIT OF NARAYANA HRUDAYALAYA LTD,MCh Pediatric Surgery,Super Specialties
554,MAZUMDAR SHAW MEDICAL CENTRE A UNIT OF NARAYANA HRUDAYALAYA LTD,MCh Plastic Surgery,Super Specialties
554,MAZUMDAR SHAW MEDICAL CENTRE A UNIT OF NARAYANA HRUDAYALAYA LTD,MCh Urology,Super Specialties
554,MAZUMDAR SHAW MEDICAL CENTRE A UNIT OF NARAYANA HRUDAYALAYA LTD,MCh Vascular Surgery,Super Specialties
554,MAZUMDAR SHAW MEDICAL CENTRE A UNIT OF NARAYANA HRUDAYALAYA LTD,Medical Oncology,Super Specialties
554,MAZUMDAR SHAW MEDICAL CENTRE A UNIT OF NARAYANA HRUDAYALAYA LTD,Surgical Oncology,Super Specialties
554,MAZUMDAR SHAW MEDICAL CENTRE A UNIT OF NARAYANA HRUDAYALAYA LTD,Radiation Oncology,Super Specialties
568,Padma clinic,MS OBG,Specialties
568,Padma clinic,MD Paediatrics,Specialties
571,BANGALORE BAPTIST HOSPITAL,MS OBG,Specialties
571,BANGALORE BAPTIST HOSPITAL,MS ENT,Specialties
571,BANGALORE BAPTIST HOSPITAL,MS Orthopaedics,Specialties
571,BANGALORE BAPTIST HOSPITAL,MS Ophthalmology,Specialties
571,BANGALORE BAPTIST HOSPITAL,MS General Surgery,Specialties
571,BANGALORE BAPTIST HOSPITAL,MD Paediatrics,Specialties
571,BANGALORE BAPTIST HOSPITAL,MD General Medicine,Specialties
571,BANGALORE BAPTIST HOSPITAL,MD Anaesthesia,Specialties
571,BANGALORE BAPTIST HOSPITAL,MD Pathology,Specialties
571,BANGALORE BAPTIST HOSPITAL,MD Microbiology,Specialties
571,BANGALORE BAPTIST HOSPITAL,MD Dermatology,Specialties
571,BANGALORE BAPTIST HOSPITAL,MD Community Medicine,Specialties
571,BANGALORE BAPTIST HOSPITAL,MD Radio Diagnosis,Specialties
579,SRI RANGA CLINIC,MD General Medicine,Specialties
576,AHPL Apoorva Multi Superspeciality Hospital,MS ENT,Specialties
576,AHPL Apoorva Multi Superspeciality Hospital,MS Orthopaedics,Specialties
576,AHPL Apoorva Multi Superspeciality Hospital,MS General Surgery,Specialties
576,AHPL Apoorva Multi Superspeciality Hospital,MD General Medicine,Specialties
576,AHPL Apoorva Multi Superspeciality Hospital,MD Anaesthesia,Specialties
576,AHPL Apoorva Multi Superspeciality Hospital,Diploma is Gynec and obstetrics,Specialties
576,AHPL Apoorva Multi Superspeciality Hospital,DM Gastroenterology,Super Specialties
576,AHPL Apoorva Multi Superspeciality Hospital,MCh Urology,Super Specialties
580,HOSKATTI MEDICAL CENTRE,MD General Medicine,Specialties
580,HOSKATTI MEDICAL CENTRE,MD Physiology,Specialties
582,RHEA CLINIC,MS ENT,Specialties
588,Jyothi Clinic,MS OBG,Specialties
589,Laali Hospital,DM Nephorology,Super Specialties
589,Laali Hospital,MD Paediatrics,Specialties
589,Laali Hospital,MD General Medicine,Specialties
589,Laali Hospital,MD Emergency Medicine,Specialties
590,NACHIKETHA HOSPITAL,MS OBG,Specialties
590,NACHIKETHA HOSPITAL,MS General Surgery,Specialties
590,NACHIKETHA HOSPITAL,MD Paediatrics,Specialties
590,NACHIKETHA HOSPITAL,MCh Urology,Super Specialties
597,Aorta Cardiology Clinic,DM Cardiology,Super Specialties
604,SEVASADAN HEALTH PLUS CHIKODI,MS OBG,Specialties
604,SEVASADAN HEALTH PLUS CHIKODI,MS ENT,Specialties
604,SEVASADAN HEALTH PLUS CHIKODI,MS Orthopaedics,Specialties
604,SEVASADAN HEALTH PLUS CHIKODI,MS Ophthalmology,Specialties
604,SEVASADAN HEALTH PLUS CHIKODI,MS General Surgery,Specialties
604,SEVASADAN HEALTH PLUS CHIKODI,MD General Medicine,Specialties
604,SEVASADAN HEALTH PLUS CHIKODI,MD Anaesthesia,Specialties
604,SEVASADAN HEALTH PLUS CHIKODI,MD Dermatology,Specialties
604,SEVASADAN HEALTH PLUS CHIKODI,Diploma in Cardiology,Specialties
604,SEVASADAN HEALTH PLUS CHIKODI,Diploma in Diabetology,Specialties
613,Gayatri Clinic,Diploma is Gynec and obstetrics,Specialties
616,Aastrika Midwifery Centre,MS OBG,Specialties
624,SECURE CLINIC A Unit of Hubli Secure Multispeciality Hospital LLP,MS OBG,Specialties
624,SECURE CLINIC A Unit of Hubli Secure Multispeciality Hospital LLP,MS Orthopaedics,Specialties
624,SECURE CLINIC A Unit of Hubli Secure Multispeciality Hospital LLP,MS General Surgery,Specialties
624,SECURE CLINIC A Unit of Hubli Secure Multispeciality Hospital LLP,Diploma is Gynec and obstetrics,Specialties
624,SECURE CLINIC A Unit of Hubli Secure Multispeciality Hospital LLP,DM Cardiology,Super Specialties
624,SECURE CLINIC A Unit of Hubli Secure Multispeciality Hospital LLP,Mch Neuro Surgery,Super Specialties
624,SECURE CLINIC A Unit of Hubli Secure Multispeciality Hospital LLP,MCh Urology,Super Specialties
629,IKSHA SUPERSPECIALTY EYE HOSPITAL,MS Ophthalmology,Specialties
631,HANJI HOSPITAL,MS Ophthalmology,Specialties
631,HANJI HOSPITAL,Surgical Oncology,Super Specialties
634,KAMAREDDY ORTHO AND TRAUMA CARE HOSPITAL,MS Orthopaedics,Specialties
634,KAMAREDDY ORTHO AND TRAUMA CARE HOSPITAL,MD Anaesthesia,Specialties
635,AMALA MATHA HOSPITAL,MS General Surgery,Specialties
635,AMALA MATHA HOSPITAL,MD Anaesthesia,Specialties
635,AMALA MATHA HOSPITAL,MD Radio Diagnosis,Specialties
635,AMALA MATHA HOSPITAL,Diploma is Gynec and obstetrics,Specialties
639,Shiroor Dental Clinic & Orthodontic Centre,MDS Orthodontics,Specialties
643,SOHINI CHILD CARE,MD Paediatrics,Specialties
649,AKSHAY Ayurvedic Women and Child Health Care,MD Balaroga,Specialties
655,Sri Sai Child Care,MD Paediatrics,Specialties
656,AMULYA X RAY AND SCANNING CENTRE,MD Radio Diagnosis,Specialties
658,KARWAR ORTHO CLINIC,Diploma in Orthopaedics,Specialties
658,KARWAR ORTHO CLINIC,Diploma in Orthopaedics,Specialties
666,RAMESH CLINIC,MS General Surgery,Specialties
669,KIDS HEART CLINIC,MD Paediatrics,Specialties
668,Dr J H Meharwade Eye Care Centre,MS Ophthalmology,Specialties
668,Dr J H Meharwade Eye Care Centre,Diploma in Ophthalmology,Specialties
682,NUO GARDEN CITY EYE HOSPITAL,MS Ophthalmology,Specialties
694,MAMATHA KID CARE CLINIC,MD Paediatrics,Specialties
696,HEALTH CARE CLINIC,Diploma in Paediatrics,Specialties
700,RE LIFE HOSPITAL A UNIT OF NEW RELIFE HEALTHCARE PVT LTD,MS OBG,Specialties
700,RE LIFE HOSPITAL A UNIT OF NEW RELIFE HEALTHCARE PVT LTD,MS ENT,Specialties
700,RE LIFE HOSPITAL A UNIT OF NEW RELIFE HEALTHCARE PVT LTD,MS Orthopaedics,Specialties
700,RE LIFE HOSPITAL A UNIT OF NEW RELIFE HEALTHCARE PVT LTD,MS Ophthalmology,Specialties
700,RE LIFE HOSPITAL A UNIT OF NEW RELIFE HEALTHCARE PVT LTD,MS General Surgery,Specialties
700,RE LIFE HOSPITAL A UNIT OF NEW RELIFE HEALTHCARE PVT LTD,MD Paediatrics,Specialties
700,RE LIFE HOSPITAL A UNIT OF NEW RELIFE HEALTHCARE PVT LTD,MD General Medicine,Specialties
700,RE LIFE HOSPITAL A UNIT OF NEW RELIFE HEALTHCARE PVT LTD,MD Anaesthesia,Specialties
700,RE LIFE HOSPITAL A UNIT OF NEW RELIFE HEALTHCARE PVT LTD,MD Psychiatry,Specialties
700,RE LIFE HOSPITAL A UNIT OF NEW RELIFE HEALTHCARE PVT LTD,MD Pathology,Specialties
700,RE LIFE HOSPITAL A UNIT OF NEW RELIFE HEALTHCARE PVT LTD,MD Microbiology,Specialties
700,RE LIFE HOSPITAL A UNIT OF NEW RELIFE HEALTHCARE PVT LTD,MD Physiology,Specialties
700,RE LIFE HOSPITAL A UNIT OF NEW RELIFE HEALTHCARE PVT LTD,MD Dermatology,Specialties
700,RE LIFE HOSPITAL A UNIT OF NEW RELIFE HEALTHCARE PVT LTD,MD Anatomy,Specialties
700,RE LIFE HOSPITAL A UNIT OF NEW RELIFE HEALTHCARE PVT LTD,MD Community Medicine,Specialties
700,RE LIFE HOSPITAL A UNIT OF NEW RELIFE HEALTHCARE PVT LTD,MD Biochemistry,Specialties
700,RE LIFE HOSPITAL A UNIT OF NEW RELIFE HEALTHCARE PVT LTD,MD Pharmacology,Specialties
700,RE LIFE HOSPITAL A UNIT OF NEW RELIFE HEALTHCARE PVT LTD,MD Forensic Medicine,Specialties
700,RE LIFE HOSPITAL A UNIT OF NEW RELIFE HEALTHCARE PVT LTD,MD Radio Diagnosis,Specialties
700,RE LIFE HOSPITAL A UNIT OF NEW RELIFE HEALTHCARE PVT LTD,MD Emergency Medicine,Specialties
700,RE LIFE HOSPITAL A UNIT OF NEW RELIFE HEALTHCARE PVT LTD,MDS Orthodontics,Specialties
700,RE LIFE HOSPITAL A UNIT OF NEW RELIFE HEALTHCARE PVT LTD,MDS Periodontics,Specialties
700,RE LIFE HOSPITAL A UNIT OF NEW RELIFE HEALTHCARE PVT LTD,MDS Community Dentistry,Specialties
700,RE LIFE HOSPITAL A UNIT OF NEW RELIFE HEALTHCARE PVT LTD,MDS Pedodontics,Specialties
700,RE LIFE HOSPITAL A UNIT OF NEW RELIFE HEALTHCARE PVT LTD,MDS Endodontics,Specialties
700,RE LIFE HOSPITAL A UNIT OF NEW RELIFE HEALTHCARE PVT LTD,MDS Prosthodontics,Specialties
700,RE LIFE HOSPITAL A UNIT OF NEW RELIFE HEALTHCARE PVT LTD,MDS Oral Medicine,Specialties
700,RE LIFE HOSPITAL A UNIT OF NEW RELIFE HEALTHCARE PVT LTD,MDS Oral Surgery,Specialties
700,RE LIFE HOSPITAL A UNIT OF NEW RELIFE HEALTHCARE PVT LTD,MDS Oral Pathology,Specialties
700,RE LIFE HOSPITAL A UNIT OF NEW RELIFE HEALTHCARE PVT LTD,MD Pulmonology,Specialties
700,RE LIFE HOSPITAL A UNIT OF NEW RELIFE HEALTHCARE PVT LTD,Diploma in Oto-Rhino-Laryngology,Specialties
700,RE LIFE HOSPITAL A UNIT OF NEW RELIFE HEALTHCARE PVT LTD,Diploma in Ophthalmology,Specialties
700,RE LIFE HOSPITAL A UNIT OF NEW RELIFE HEALTHCARE PVT LTD,Diploma in Orthopaedics,Specialties
700,RE LIFE HOSPITAL A UNIT OF NEW RELIFE HEALTHCARE PVT LTD,Diploma in Tuberculosis and Chest Diseases,Specialties
700,RE LIFE HOSPITAL A UNIT OF NEW RELIFE HEALTHCARE PVT LTD,Diploma in Paediatrics,Specialties
700,RE LIFE HOSPITAL A UNIT OF NEW RELIFE HEALTHCARE PVT LTD,Diploma in Cardiology,Specialties
700,RE LIFE HOSPITAL A UNIT OF NEW RELIFE HEALTHCARE PVT LTD,Diploma in Anesthesia,Specialties
700,RE LIFE HOSPITAL A UNIT OF NEW RELIFE HEALTHCARE PVT LTD,Diploma in Dermatology,Specialties
700,RE LIFE HOSPITAL A UNIT OF NEW RELIFE HEALTHCARE PVT LTD,Diploma in Diabetology,Specialties
700,RE LIFE HOSPITAL A UNIT OF NEW RELIFE HEALTHCARE PVT LTD,Diploma is Gynec and obstetrics,Specialties
700,RE LIFE HOSPITAL A UNIT OF NEW RELIFE HEALTHCARE PVT LTD,MD Surgery,Specialties
700,RE LIFE HOSPITAL A UNIT OF NEW RELIFE HEALTHCARE PVT LTD,MD Diet amd Nutrition,Specialties
700,RE LIFE HOSPITAL A UNIT OF NEW RELIFE HEALTHCARE PVT LTD,DM Cardiac Anesthesia,Super Specialties
700,RE LIFE HOSPITAL A UNIT OF NEW RELIFE HEALTHCARE PVT LTD,DM Cardiology,Super Specialties
700,RE LIFE HOSPITAL A UNIT OF NEW RELIFE HEALTHCARE PVT LTD,DM Endocrinology,Super Specialties
700,RE LIFE HOSPITAL A UNIT OF NEW RELIFE HEALTHCARE PVT LTD,DM Gastroenterology,Super Specialties
700,RE LIFE HOSPITAL A UNIT OF NEW RELIFE HEALTHCARE PVT LTD,DM Neonatology,Super Specialties
700,RE LIFE HOSPITAL A UNIT OF NEW RELIFE HEALTHCARE PVT LTD,DM Nephorology,Super Specialties
700,RE LIFE HOSPITAL A UNIT OF NEW RELIFE HEALTHCARE PVT LTD,DM Neurology,Super Specialties
700,RE LIFE HOSPITAL A UNIT OF NEW RELIFE HEALTHCARE PVT LTD,DM Pul.Medicine,Super Specialties
700,RE LIFE HOSPITAL A UNIT OF NEW RELIFE HEALTHCARE PVT LTD,Mch Cardiothoracic Surgery,Super Specialties
700,RE LIFE HOSPITAL A UNIT OF NEW RELIFE HEALTHCARE PVT LTD,Mch Gastroenterology,Super Specialties
700,RE LIFE HOSPITAL A UNIT OF NEW RELIFE HEALTHCARE PVT LTD,Mch Neuro Surgery,Super Specialties
700,RE LIFE HOSPITAL A UNIT OF NEW RELIFE HEALTHCARE PVT LTD,MCh Pediatric Surgery,Super Specialties
700,RE LIFE HOSPITAL A UNIT OF NEW RELIFE HEALTHCARE PVT LTD,MCh Plastic Surgery,Super Specialties
700,RE LIFE HOSPITAL A UNIT OF NEW RELIFE HEALTHCARE PVT LTD,MCh Urology,Super Specialties
700,RE LIFE HOSPITAL A UNIT OF NEW RELIFE HEALTHCARE PVT LTD,MCh Vascular Surgery,Super Specialties
700,RE LIFE HOSPITAL A UNIT OF NEW RELIFE HEALTHCARE PVT LTD,Medical Oncology,Super Specialties
700,RE LIFE HOSPITAL A UNIT OF NEW RELIFE HEALTHCARE PVT LTD,Surgical Oncology,Super Specialties
700,RE LIFE HOSPITAL A UNIT OF NEW RELIFE HEALTHCARE PVT LTD,Radiation Oncology,Super Specialties
703,SURGEONS HOSPITAL,MS OBG,Specialties
703,SURGEONS HOSPITAL,MS ENT,Specialties
703,SURGEONS HOSPITAL,MS Orthopaedics,Specialties
703,SURGEONS HOSPITAL,MS General Surgery,Specialties
703,SURGEONS HOSPITAL,Diploma in Orthopaedics,Specialties
703,SURGEONS HOSPITAL,Diploma in Anesthesia,Specialties
703,SURGEONS HOSPITAL,MCh Urology,Super Specialties
703,SURGEONS HOSPITAL,Surgical Oncology,Super Specialties
703,SURGEONS HOSPITAL,MD Paediatrics,Specialties
706,Multi-Speciality Dental Clinic,MDS Oral Medicine,Specialties
712,JOSHI NURSING HOME,MS OBG,Specialties
712,JOSHI NURSING HOME,MS ENT,Specialties
712,JOSHI NURSING HOME,MS General Surgery,Specialties
712,JOSHI NURSING HOME,MD Anaesthesia,Specialties
712,JOSHI NURSING HOME,MD General Medicine,Specialties
712,JOSHI NURSING HOME,DM Neurology,Super Specialties
710,Dr K NARASIMHAIAH HOSPITAL,MS OBG,Specialties
710,Dr K NARASIMHAIAH HOSPITAL,MS Orthopaedics,Specialties
710,Dr K NARASIMHAIAH HOSPITAL,MS Ophthalmology,Specialties
710,Dr K NARASIMHAIAH HOSPITAL,MS General Surgery,Specialties
710,Dr K NARASIMHAIAH HOSPITAL,MD Paediatrics,Specialties
710,Dr K NARASIMHAIAH HOSPITAL,MD General Medicine,Specialties
710,Dr K NARASIMHAIAH HOSPITAL,MD Anaesthesia,Specialties
710,Dr K NARASIMHAIAH HOSPITAL,MD Psychiatry,Specialties
710,Dr K NARASIMHAIAH HOSPITAL,MD Microbiology,Specialties
710,Dr K NARASIMHAIAH HOSPITAL,MD Dermatology,Specialties
710,Dr K NARASIMHAIAH HOSPITAL,MD Radio Diagnosis,Specialties
710,Dr K NARASIMHAIAH HOSPITAL,Diploma in Orthopaedics,Specialties
710,Dr K NARASIMHAIAH HOSPITAL,Diploma in Anesthesia,Specialties
710,Dr K NARASIMHAIAH HOSPITAL,Diploma is Gynec and obstetrics,Specialties
710,Dr K NARASIMHAIAH HOSPITAL,Diploma in Paediatrics,Specialties
710,Dr K NARASIMHAIAH HOSPITAL,DM Neurology,Super Specialties
710,Dr K NARASIMHAIAH HOSPITAL,MCh Plastic Surgery,Super Specialties
710,Dr K NARASIMHAIAH HOSPITAL,MCh Urology,Super Specialties
717,Multispeciality Manipal Clinic and Nursing Home,MS OBG,Specialties
717,Multispeciality Manipal Clinic and Nursing Home,MS ENT,Specialties
717,Multispeciality Manipal Clinic and Nursing Home,MS Orthopaedics,Specialties
717,Multispeciality Manipal Clinic and Nursing Home,MS Ophthalmology,Specialties
717,Multispeciality Manipal Clinic and Nursing Home,MS General Surgery,Specialties
717,Multispeciality Manipal Clinic and Nursing Home,MD Paediatrics,Specialties
717,Multispeciality Manipal Clinic and Nursing Home,MD General Medicine,Specialties
717,Multispeciality Manipal Clinic and Nursing Home,MD Anaesthesia,Specialties
717,Multispeciality Manipal Clinic and Nursing Home,MD Psychiatry,Specialties
717,Multispeciality Manipal Clinic and Nursing Home,MD Pathology,Specialties
717,Multispeciality Manipal Clinic and Nursing Home,MD Dermatology,Specialties
717,Multispeciality Manipal Clinic and Nursing Home,MD Pharmacology,Specialties
717,Multispeciality Manipal Clinic and Nursing Home,MD Radio Diagnosis,Specialties
717,Multispeciality Manipal Clinic and Nursing Home,MDS Orthodontics,Specialties
717,Multispeciality Manipal Clinic and Nursing Home,Diploma in Ophthalmology,Specialties
717,Multispeciality Manipal Clinic and Nursing Home,Diploma in Orthopaedics,Specialties
717,Multispeciality Manipal Clinic and Nursing Home,Diploma in Paediatrics,Specialties
717,Multispeciality Manipal Clinic and Nursing Home,Diploma in Anesthesia,Specialties
717,Multispeciality Manipal Clinic and Nursing Home,Diploma in Dermatology,Specialties
722,SHAKUNTALA CLINIC,BAMS Aatyayik Chikitsa,Specialties
723,MUDANUR MULTI SPECIALTY HOSPITAL,Diploma in Paediatrics,Specialties
723,MUDANUR MULTI SPECIALTY HOSPITAL,Diploma is Gynec and obstetrics,Specialties
724,SPANDANA MATERNITY & GENERAL HOSPITAL,MS Ophthalmology,Specialties
724,SPANDANA MATERNITY & GENERAL HOSPITAL,MS General Surgery,Specialties
724,SPANDANA MATERNITY & GENERAL HOSPITAL,MD General Medicine,Specialties
724,SPANDANA MATERNITY & GENERAL HOSPITAL,MD Pathology,Specialties
724,SPANDANA MATERNITY & GENERAL HOSPITAL,MDS Oral Surgery,Specialties
724,SPANDANA MATERNITY & GENERAL HOSPITAL,Diploma in Oto-Rhino-Laryngology,Specialties
724,SPANDANA MATERNITY & GENERAL HOSPITAL,Diploma in Orthopaedics,Specialties
724,SPANDANA MATERNITY & GENERAL HOSPITAL,Diploma in Paediatrics,Specialties
724,SPANDANA MATERNITY & GENERAL HOSPITAL,Diploma in Anesthesia,Specialties
724,SPANDANA MATERNITY & GENERAL HOSPITAL,Diploma is Gynec and obstetrics,Specialties
725,SARASWATHI MATERNITY CLINIC,Diploma is Gynec and obstetrics,Specialties
727,BHARATHI HOSPITAL SUPER SPECIALITY CENTER,MS OBG,Specialties
727,BHARATHI HOSPITAL SUPER SPECIALITY CENTER,MS General Surgery,Specialties
727,BHARATHI HOSPITAL SUPER SPECIALITY CENTER,MD Paediatrics,Specialties
727,BHARATHI HOSPITAL SUPER SPECIALITY CENTER,MD General Medicine,Specialties
727,BHARATHI HOSPITAL SUPER SPECIALITY CENTER,MD Anaesthesia,Specialties
727,BHARATHI HOSPITAL SUPER SPECIALITY CENTER,Diploma in Orthopaedics,Specialties
727,BHARATHI HOSPITAL SUPER SPECIALITY CENTER,Diploma in Anesthesia,Specialties
727,BHARATHI HOSPITAL SUPER SPECIALITY CENTER,Diploma is Gynec and obstetrics,Specialties
727,BHARATHI HOSPITAL SUPER SPECIALITY CENTER,MCh Urology,Super Specialties
726,Mount Rosary Hospital,MS OBG,Specialties
726,Mount Rosary Hospital,MS ENT,Specialties
726,Mount Rosary Hospital,MS Orthopaedics,Specialties
726,Mount Rosary Hospital,MS Ophthalmology,Specialties
726,Mount Rosary Hospital,MS General Surgery,Specialties
726,Mount Rosary Hospital,MD Paediatrics,Specialties
726,Mount Rosary Hospital,MD General Medicine,Specialties
726,Mount Rosary Hospital,MD Psychiatry,Specialties
726,Mount Rosary Hospital,MD Pathology,Specialties
726,Mount Rosary Hospital,MD Radio Diagnosis,Specialties
726,Mount Rosary Hospital,Diploma is Gynec and obstetrics,Specialties
726,Mount Rosary Hospital,MD Surgery,Specialties
734,Medimate Diagnostics,MD Pathology,Specialties
737,SURAKSHA TRAUMA AND ORTHPAEDIC SURGICAL HOSPITAL,MS OBG,Specialties
737,SURAKSHA TRAUMA AND ORTHPAEDIC SURGICAL HOSPITAL,MS Orthopaedics,Specialties
737,SURAKSHA TRAUMA AND ORTHPAEDIC SURGICAL HOSPITAL,MS General Surgery,Specialties
737,SURAKSHA TRAUMA AND ORTHPAEDIC SURGICAL HOSPITAL,MD General Medicine,Specialties
737,SURAKSHA TRAUMA AND ORTHPAEDIC SURGICAL HOSPITAL,Diploma in Orthopaedics,Specialties
737,SURAKSHA TRAUMA AND ORTHPAEDIC SURGICAL HOSPITAL,Diploma in Anesthesia,Specialties
737,SURAKSHA TRAUMA AND ORTHPAEDIC SURGICAL HOSPITAL,MS OBG,Specialties
737,SURAKSHA TRAUMA AND ORTHPAEDIC SURGICAL HOSPITAL,MS Orthopaedics,Specialties
737,SURAKSHA TRAUMA AND ORTHPAEDIC SURGICAL HOSPITAL,MS General Surgery,Specialties
743,AMULYA X RAY AND SCANNING CENTRE,MD Radio Diagnosis,Specialties
746,M M JOSHI EYE INSTITUTE PVT LTD,MS Ophthalmology,Specialties
746,M M JOSHI EYE INSTITUTE PVT LTD,Diploma in Ophthalmology,Specialties
752,Sapna Dental Care,MDS Orthodontics,Specialties
752,Sapna Dental Care,MDS Periodontics,Specialties
752,Sapna Dental Care,MDS Pedodontics,Specialties
752,Sapna Dental Care,MDS Prosthodontics,Specialties
752,Sapna Dental Care,MDS Oral Medicine,Specialties
752,Sapna Dental Care,MDS Oral Surgery,Specialties
752,Sapna Dental Care,MDS Oral Pathology,Specialties
754,SRI RAGHAVENDRA HEALTH CARE,MS General Surgery,Specialties
754,SRI RAGHAVENDRA HEALTH CARE,MD General Medicine,Specialties
755,G.S.R Multispeciality Hospital,MD Kayachikitsa,Specialties
755,G.S.R Multispeciality Hospital,MS Orthopaedics,Specialties
755,G.S.R Multispeciality Hospital,MD Anaesthesia,Specialties
755,G.S.R Multispeciality Hospital,MD Dermatology,Specialties
755,G.S.R Multispeciality Hospital,Diploma in Paediatrics,Specialties
755,G.S.R Multispeciality Hospital,MD Kayachikitsa,Specialties
755,G.S.R Multispeciality Hospital,MS ENT,Specialties
755,G.S.R Multispeciality Hospital,MS Ophthalmology,Specialties
755,G.S.R Multispeciality Hospital,MD Pathology,Specialties
759,CREATIONS DENTAL CLINIC,MDS Prosthodontics,Specialties
761,DAR AL SHIFA CLINIC,MS General Surgery,Specialties
758,Dr THAMMAIAH HOSPITAL,MS General Surgery,Specialties
758,Dr THAMMAIAH HOSPITAL,MD General Medicine,Specialties
758,Dr THAMMAIAH HOSPITAL,MD Anaesthesia,Specialties
758,Dr THAMMAIAH HOSPITAL,MD Pathology,Specialties
758,Dr THAMMAIAH HOSPITAL,Diploma in Paediatrics,Specialties
758,Dr THAMMAIAH HOSPITAL,Diploma is Gynec and obstetrics,Specialties
764,Sattva Fertility,MS OBG,Specialties
767,KANDAGAL NISHKA ORTHOPAEDIC CENTER,Diploma in Orthopaedics,Specialties
765,MALNAD HOSPITAL AND INSTITUTE OF ONCOLOGY,Medical Oncology,Super Specialties
765,MALNAD HOSPITAL AND INSTITUTE OF ONCOLOGY,Surgical Oncology,Super Specialties
765,MALNAD HOSPITAL AND INSTITUTE OF ONCOLOGY,Radiation Oncology,Super Specialties
772,surabhi hospital,MD General Medicine,Specialties
773,SHREE SAI DIAGNOSTIC SCANINNG CENTRE,MD Radio Diagnosis,Specialties
778,BENGALURU HOSPITAL,MD Radio Diagnosis,Specialties
778,BENGALURU HOSPITAL,Diploma in Anesthesia,Specialties
777,SUMUKHA NUFACE CLINIC,MS ENT,Specialties
777,SUMUKHA NUFACE CLINIC,MS General Surgery,Specialties
777,SUMUKHA NUFACE CLINIC,MD Dermatology,Specialties
777,SUMUKHA NUFACE CLINIC,MDS Orthodontics,Specialties
777,SUMUKHA NUFACE CLINIC,MDS Periodontics,Specialties
777,SUMUKHA NUFACE CLINIC,MDS Prosthodontics,Specialties
777,SUMUKHA NUFACE CLINIC,MDS Oral Surgery,Specialties
777,SUMUKHA NUFACE CLINIC,MDS Endodontics,Specialties
777,SUMUKHA NUFACE CLINIC,MCh Plastic Surgery,Super Specialties
781,Sudha Clinic,Diploma in Paediatrics,Specialties
786,GEETHA NURSING HOME,MS General Surgery,Specialties
786,GEETHA NURSING HOME,MD Paediatrics,Specialties
786,GEETHA NURSING HOME,MD General Medicine,Specialties
786,GEETHA NURSING HOME,Diploma in Anesthesia,Specialties
786,GEETHA NURSING HOME,Diploma is Gynec and obstetrics,Specialties
787,ASHA DIAGNOSTIC CENTRE,MD Radio Diagnosis,Specialties
789,BASAVACHETAN MATERNITY AND FERTILITY CENTRE,MS OBG,Specialties
790,DHANAVANTRI SURGICAL NURSING HOME,MS General Surgery,Specialties
792,OSMAN EYE HOSPITAL,MS Ophthalmology,Specialties
801,MEDAX HOSPITALS GOTTIGERE LLP,DM Cardiac Anesthesia,Super Specialties
801,MEDAX HOSPITALS GOTTIGERE LLP,DM Cardiology,Super Specialties
801,MEDAX HOSPITALS GOTTIGERE LLP,DM Gastroenterology,Super Specialties
801,MEDAX HOSPITALS GOTTIGERE LLP,DM Neonatology,Super Specialties
801,MEDAX HOSPITALS GOTTIGERE LLP,DM Pul.Medicine,Super Specialties
801,MEDAX HOSPITALS GOTTIGERE LLP,Mch Cardiothoracic Surgery,Super Specialties
801,MEDAX HOSPITALS GOTTIGERE LLP,Mch Gastroenterology,Super Specialties
801,MEDAX HOSPITALS GOTTIGERE LLP,MCh Pediatric Surgery,Super Specialties
802,H K HOSPITAL,MS OBG,Specialties
802,H K HOSPITAL,MS ENT,Specialties
802,H K HOSPITAL,MS Orthopaedics,Specialties
802,H K HOSPITAL,MS Ophthalmology,Specialties
802,H K HOSPITAL,MS General Surgery,Specialties
802,H K HOSPITAL,MD Paediatrics,Specialties
802,H K HOSPITAL,MD General Medicine,Specialties
802,H K HOSPITAL,MD Anaesthesia,Specialties
802,H K HOSPITAL,MD Psychiatry,Specialties
802,H K HOSPITAL,MD Pathology,Specialties
802,H K HOSPITAL,MD Microbiology,Specialties
802,H K HOSPITAL,MD Physiology,Specialties
802,H K HOSPITAL,MD Dermatology,Specialties
807,Sujatha Clinic,MS Orthopaedics,Specialties
807,Sujatha Clinic,MD Dermatology,Specialties
806,NAVODAYA HOSPITAL AND REGIONAL TRAUMA CARE CENTER,MS Orthopaedics,Specialties
806,NAVODAYA HOSPITAL AND REGIONAL TRAUMA CARE CENTER,MD Psychiatry,Specialties
806,NAVODAYA HOSPITAL AND REGIONAL TRAUMA CARE CENTER,MS OBG,Specialties
806,NAVODAYA HOSPITAL AND REGIONAL TRAUMA CARE CENTER,MS ENT,Specialties
806,NAVODAYA HOSPITAL AND REGIONAL TRAUMA CARE CENTER,MD General Medicine,Specialties
806,NAVODAYA HOSPITAL AND REGIONAL TRAUMA CARE CENTER,MD Anaesthesia,Specialties
806,NAVODAYA HOSPITAL AND REGIONAL TRAUMA CARE CENTER,MS OBG,Specialties
816,Acharya Sushrutha Health Care Pvt Ltd,MS General Surgery,Specialties
816,Acharya Sushrutha Health Care Pvt Ltd,MD General Medicine,Specialties
816,Acharya Sushrutha Health Care Pvt Ltd,MS OBG,Specialties
816,Acharya Sushrutha Health Care Pvt Ltd,MS ENT,Specialties
816,Acharya Sushrutha Health Care Pvt Ltd,MS Orthopaedics,Specialties
816,Acharya Sushrutha Health Care Pvt Ltd,MS General Surgery,Specialties
816,Acharya Sushrutha Health Care Pvt Ltd,MD General Medicine,Specialties
816,Acharya Sushrutha Health Care Pvt Ltd,MD Anaesthesia,Specialties
816,Acharya Sushrutha Health Care Pvt Ltd,MD Kayachikitsa,Specialties
816,Acharya Sushrutha Health Care Pvt Ltd,MS Shalya Tantra,Specialties
816,Acharya Sushrutha Health Care Pvt Ltd,Mch Gastroenterology,Super Specialties
816,Acharya Sushrutha Health Care Pvt Ltd,MCh Plastic Surgery,Super Specialties
816,Acharya Sushrutha Health Care Pvt Ltd,MCh Urology,Super Specialties
813,HKES S NIJALINGAPPA INSTITUTE OF DENTAL SCIENCES AND RESEARCH KALABURAGI,MDS Community Dentistry,Specialties
813,HKES S NIJALINGAPPA INSTITUTE OF DENTAL SCIENCES AND RESEARCH KALABURAGI,MDS Oral Surgery,Specialties
818,Narayana Multispeciality Clinic,MD Paediatrics,Specialties
818,Narayana Multispeciality Clinic,MS Orthopaedics,Specialties
818,Narayana Multispeciality Clinic,MD General Medicine,Specialties
818,Narayana Multispeciality Clinic,MS General Surgery,Specialties
818,Narayana Multispeciality Clinic,MS OBG,Specialties
818,Narayana Multispeciality Clinic,MD Radio Diagnosis,Specialties
818,Narayana Multispeciality Clinic,DM Cardiology,Super Specialties
818,Narayana Multispeciality Clinic,DM Gastroenterology,Super Specialties
822,DENTAL CARE,MDS Orthodontics,Specialties
822,DENTAL CARE,MDS Endodontics,Specialties
823,Mantras Advanced Aesthetic Clinicare Pvt Ltd,MD Dermatology,Specialties
827,VISHWAS HI TECH DAIGNOSTIC CENTER,MD Pathology,Specialties
827,VISHWAS HI TECH DAIGNOSTIC CENTER,MD Biochemistry,Specialties
827,VISHWAS HI TECH DAIGNOSTIC CENTER,MD Radio Diagnosis,Specialties
828,Kashyap Orthopaedic and Womens Clinic,MS OBG,Specialties
828,Kashyap Orthopaedic and Womens Clinic,MS Orthopaedics,Specialties
830,VEMULA HEALTH CARE,MD Emergency Medicine,Specialties
835,PRERANA HEALTH CARE,DM Nephorology,Super Specialties
835,PRERANA HEALTH CARE,DM Neurology,Super Specialties
835,PRERANA HEALTH CARE,DM Pul.Medicine,Super Specialties
835,PRERANA HEALTH CARE,Mch Gastroenterology,Super Specialties
835,PRERANA HEALTH CARE,Mch Neuro Surgery,Super Specialties
835,PRERANA HEALTH CARE,MCh Plastic Surgery,Super Specialties
835,PRERANA HEALTH CARE,MCh Urology,Super Specialties
835,PRERANA HEALTH CARE,MCh Vascular Surgery,Super Specialties
835,PRERANA HEALTH CARE,Medical Oncology,Super Specialties
835,PRERANA HEALTH CARE,Surgical Oncology,Super Specialties
837,TARA HOSPITAL,MS OBG,Specialties
837,TARA HOSPITAL,MS ENT,Specialties
837,TARA HOSPITAL,MS Orthopaedics,Specialties
837,TARA HOSPITAL,MS General Surgery,Specialties
837,TARA HOSPITAL,MD Paediatrics,Specialties
837,TARA HOSPITAL,MD General Medicine,Specialties
837,TARA HOSPITAL,MD Pulmonology,Specialties
840,Dr Vatsala Kamath Clinic,MS OBG,Specialties
846,BALAJI NURSING HOME,MS OBG,Specialties
846,BALAJI NURSING HOME,MS Orthopaedics,Specialties
846,BALAJI NURSING HOME,MS General Surgery,Specialties
846,BALAJI NURSING HOME,MD Paediatrics,Specialties
846,BALAJI NURSING HOME,MD General Medicine,Specialties
846,BALAJI NURSING HOME,MD Anaesthesia,Specialties
851,S S EYE AND CHILDREN CLINIC,MS Ophthalmology,Specialties
851,S S EYE AND CHILDREN CLINIC,MD Paediatrics,Specialties
852,VIDHATHRI CLINIC,MD General Medicine,Specialties
852,VIDHATHRI CLINIC,Mch Neuro Surgery,Super Specialties
857,Hande Clinic,Diploma in Orthopaedics,Specialties
858,CITI HOSPITAL,MS OBG,Specialties
858,CITI HOSPITAL,MS ENT,Specialties
858,CITI HOSPITAL,MS Orthopaedics,Specialties
858,CITI HOSPITAL,MS General Surgery,Specialties
858,CITI HOSPITAL,MD Paediatrics,Specialties
858,CITI HOSPITAL,MD General Medicine,Specialties
858,CITI HOSPITAL,MD Anaesthesia,Specialties
858,CITI HOSPITAL,MD Psychiatry,Specialties
858,CITI HOSPITAL,MD Pathology,Specialties
858,CITI HOSPITAL,MD Microbiology,Specialties
858,CITI HOSPITAL,MD Physiology,Specialties
858,CITI HOSPITAL,MD Dermatology,Specialties
858,CITI HOSPITAL,MD Forensic Medicine,Specialties
858,CITI HOSPITAL,MD Radio Diagnosis,Specialties
858,CITI HOSPITAL,MD Pulmonology,Specialties
858,CITI HOSPITAL,Diploma in Tuberculosis and Chest Diseases,Specialties
858,CITI HOSPITAL,Diploma in Anesthesia,Specialties
858,CITI HOSPITAL,DM Cardiology,Super Specialties
858,CITI HOSPITAL,DM Gastroenterology,Super Specialties
858,CITI HOSPITAL,DM Nephorology,Super Specialties
858,CITI HOSPITAL,DM Neurology,Super Specialties
858,CITI HOSPITAL,Mch Neuro Surgery,Super Specialties
858,CITI HOSPITAL,MCh Plastic Surgery,Super Specialties
858,CITI HOSPITAL,MCh Urology,Super Specialties
858,CITI HOSPITAL,MCh Vascular Surgery,Super Specialties
858,CITI HOSPITAL,Medical Oncology,Super Specialties
858,CITI HOSPITAL,Surgical Oncology,Super Specialties
863,V CARE DENTAL SPECIALITY CLINIC,MDS Orthodontics,Specialties
864,Manu Maternity & Children Clinic,Diploma in Paediatrics,Specialties
864,Manu Maternity & Children Clinic,Diploma is Gynec and obstetrics,Specialties
871,HRUDAYA SUPERSPECIALITY HEART CARE CLINIC,DM Cardiology,Super Specialties
874,MANYATA HOSPITAL,MS OBG,Specialties
874,MANYATA HOSPITAL,MD Paediatrics,Specialties
874,MANYATA HOSPITAL,MD Radio Diagnosis,Specialties
888,Girish Hospital,MCh Urology,Super Specialties
888,Girish Hospital,MS General Surgery,Specialties
888,Girish Hospital,MD Paediatrics,Specialties
888,Girish Hospital,MD Anaesthesia,Specialties
890,ISHANI MEDICAL DIAGNOSTICS CLINICS,MS General Surgery,Specialties
890,ISHANI MEDICAL DIAGNOSTICS CLINICS,MS OBG,Specialties
890,ISHANI MEDICAL DIAGNOSTICS CLINICS,MS ENT,Specialties
890,ISHANI MEDICAL DIAGNOSTICS CLINICS,MS General Surgery,Specialties
890,ISHANI MEDICAL DIAGNOSTICS CLINICS,MD Dermatology,Specialties
890,ISHANI MEDICAL DIAGNOSTICS CLINICS,Diploma in Orthopaedics,Specialties
904,SRI VENKATESHWARA DIAGNOSTIC CENTRE,MD Pathology,Specialties
923,JANANI HOSPITAL,MS OBG,Specialties
923,JANANI HOSPITAL,Diploma in Paediatrics,Specialties
925,CENTER OF HUMAN REPRODUCTION AND BIO SCIENCES PRIVATE LIMITED,MS OBG,Specialties
928,KHOT HOSPITAL AND NURSING HOME,MS General Surgery,Specialties
928,KHOT HOSPITAL AND NURSING HOME,MD Paediatrics,Specialties
928,KHOT HOSPITAL AND NURSING HOME,MD General Medicine,Specialties
928,KHOT HOSPITAL AND NURSING HOME,MD Anaesthesia,Specialties
928,KHOT HOSPITAL AND NURSING HOME,Diploma is Gynec and obstetrics,Specialties
931,Vijay Poly Clinic and Nursing Home,DM Cardiology,Super Specialties
931,Vijay Poly Clinic and Nursing Home,DM Gastroenterology,Super Specialties
931,Vijay Poly Clinic and Nursing Home,DM Nephorology,Super Specialties
931,Vijay Poly Clinic and Nursing Home,DM Neurology,Super Specialties
931,Vijay Poly Clinic and Nursing Home,MS OBG,Specialties
931,Vijay Poly Clinic and Nursing Home,MS General Surgery,Specialties
931,Vijay Poly Clinic and Nursing Home,MD Paediatrics,Specialties
931,Vijay Poly Clinic and Nursing Home,MD General Medicine,Specialties
931,Vijay Poly Clinic and Nursing Home,MD Anaesthesia,Specialties
931,Vijay Poly Clinic and Nursing Home,MD Psychiatry,Specialties
931,Vijay Poly Clinic and Nursing Home,MD Pathology,Specialties
931,Vijay Poly Clinic and Nursing Home,MD Dermatology,Specialties
931,Vijay Poly Clinic and Nursing Home,MD Radio Diagnosis,Specialties
931,Vijay Poly Clinic and Nursing Home,Diploma in Orthopaedics,Specialties
931,Vijay Poly Clinic and Nursing Home,Diploma in Paediatrics,Specialties
931,Vijay Poly Clinic and Nursing Home,Diploma in Anesthesia,Specialties
938,SRI BALAJI HOSPITAL,MS OBG,Specialties
938,SRI BALAJI HOSPITAL,MS Orthopaedics,Specialties
938,SRI BALAJI HOSPITAL,MS General Surgery,Specialties
938,SRI BALAJI HOSPITAL,MDS Oral Surgery,Specialties
